Daily Time Spent on Site,Age,Area Income,Daily Internet Usage,Gender,Clicked on Ad
83.47,43.0,43241.88,168.34,Female,1
51.24,36.0,59240.24,128.62,Female,0
89.05,42.0,57868.44,114.69,Male,1
51.87,35.0,69646.35,225.58,Female,0
54.37,36.0,76003.47,222.25,Female,1
59.05,50.0,43974.49,187.76,Male,1
53.92,28.0,59448.44,120.49,Male,0
36.08,45.0,59610.81,137.24,Male,1
59.05,22.0,63363.04,121.07,Male,0
56.39,46.0,54286.1,193.29,Female,1
84.71,25.0,77567.85,241.03,Male,0
78.79,35.0,51119.93,226.54,Male,1
49.21,26.0,56694.12,131.68,Female,1
83.47,34.0,59785.94,160.03,Female,0
81.98,33.0,61005.87,125.27,Female,0
66.12,37.0,67132.46,181.02,Female,0
46.14,27.0,39193.45,227.63,Male,0
54.88,29.0,56113.37,216.49,Female,0
60.23,26.0,57179.91,198.3,Male,1
80.31,28.0,47258.59,217.37,Female,1
40.04,34.0,59785.94,160.03,Female,0
56.39,60.0,66504.16,130.86,Female,1
49.21,45.0,58966.22,157.04,Female,1
74.54,41.0,57846.68,126.39,Female,1
89.05,41.0,57846.68,126.39,Female,1
50.63,39.0,67301.39,229.88,Male,0
67.56,36.0,32549.95,115.26,Male,1
61.22,41.0,52011.0,140.46,Female,0
55.77,29.0,50055.33,196.61,Male,0
43.49,39.0,74623.27,129.23,Male,0
71.33,27.0,36884.23,239.32,Female,0
42.39,27.0,63879.72,248.12,Female,0
55.6,39.0,58287.86,141.89,Male,0
43.49,37.0,23936.86,158.56,Male,0
51.56,46.0,66504.16,130.86,Female,1
81.22,51.0,53431.35,123.13,Female,0
44.78,26.0,56694.12,190.17,Female,1
43.49,28.0,39031.89,124.34,Male,1
50.63,36.0,32549.95,131.55,Male,1
58.18,19.0,62772.42,201.58,Male,0
82.79,35.0,66541.05,226.54,Male,0
79.52,25.0,50671.6,241.03,Female,1
62.26,26.0,51463.17,259.76,Female,0
43.49,39.0,52520.75,214.42,Female,0
71.84,39.0,48335.2,140.46,Male,1
60.53,22.0,59422.47,239.94,Female,0
70.61,31.0,56180.93,204.79,Female,0
40.42,26.0,74903.41,228.78,Male,0
84.98,35.0,50671.6,154.74,Male,0
63.45,42.0,60514.05,243.61,Male,1
69.86,52.0,58966.22,194.23,Male,1
78.36,22.0,51257.26,220.05,Female,0
56.39,46.0,41768.13,229.22,Male,1
88.04,26.0,51463.17,131.68,Female,0
50.87,26.0,51463.17,131.68,Female,0
74.54,43.0,73538.09,187.76,Male,1
80.99,45.0,59886.58,124.67,Female,1
89.05,26.0,50628.31,163.48,Male,1
74.54,42.0,59243.46,143.13,Male,1
81.58,26.0,74903.41,131.68,Male,0
82.07,43.0,73538.09,157.04,Male,1
87.35,39.0,39840.55,204.79,Female,0
83.71,41.0,57846.68,137.24,Female,1
60.53,33.0,43974.49,123.13,Female,1
82.07,43.0,73538.09,157.04,Male,1
70.58,39.0,48335.2,138.87,Female,1
55.6,24.0,52252.91,182.2,Female,0
55.6,54.0,42993.48,161.16,Male,1
66.18,31.0,61840.26,207.17,Male,0
73.72,35.0,66541.05,203.9,Male,1
36.87,31.0,59886.58,206.98,Female,1
75.84,28.0,71222.4,204.79,Female,0
54.37,36.0,76003.47,140.46,Female,1
80.51,38.0,57868.44,197.93,Female,1
82.07,22.0,74535.94,185.46,Female,0
40.17,26.0,70203.74,190.17,Female,0
73.72,35.0,51119.93,226.54,Male,1
45.08,30.0,58677.69,140.15,Female,0
68.01,33.0,39616.0,204.02,Male,0
79.52,31.0,64564.07,187.76,Female,1
69.88,23.0,56457.01,211.38,Male,0
43.6,35.0,25603.93,236.87,Female,0
82.07,43.0,56770.79,121.28,Female,1
87.27,31.0,31281.01,141.96,Male,1
55.6,24.0,52252.91,230.18,Male,1
49.21,30.0,54774.77,140.15,Female,1
80.3,49.0,39031.89,195.69,Male,1
75.42,26.0,39132.64,228.78,Male,0
80.3,37.0,67132.46,177.55,Female,0
35.61,30.0,40182.84,199.76,Female,1
46.61,43.0,57868.44,122.31,Female,1
46.61,42.0,60514.05,236.87,Female,1
51.24,36.0,59240.24,140.46,Female,0
70.61,45.0,31215.88,121.07,Female,0
65.77,38.0,71455.62,170.13,Female,1
83.71,38.0,57868.44,170.13,Female,1
82.41,40.0,73882.91,140.46,Female,0
47.64,49.0,45632.51,168.34,Female,1
68.01,33.0,56782.18,123.13,Female,1
55.6,35.0,66187.58,236.87,Female,1
65.4,30.0,57877.15,202.61,Female,0
79.52,44.0,52563.22,176.98,Female,0
35.49,37.0,67132.46,177.55,Female,0
60.83,40.0,66291.67,221.98,Male,1
43.49,19.0,34191.23,113.53,Male,0
49.21,30.0,54324.73,162.05,Female,0
55.6,35.0,42993.48,225.58,Female,0
56.3,29.0,72203.96,216.49,Male,0
61.22,45.0,60315.19,119.03,Male,0
81.75,40.0,57545.56,167.22,Female,0
88.12,26.0,70203.74,190.17,Female,0
55.6,54.0,54286.1,230.18,Female,1
71.84,39.0,48335.2,124.44,Female,1
81.58,41.0,63363.04,109.07,Male,1
71.84,31.0,56180.93,207.17,Female,0
55.71,31.0,28271.84,207.17,Female,0
59.05,48.0,52736.33,148.61,Male,1
55.6,39.0,32549.95,115.26,Male,0
56.39,40.0,62772.42,132.63,Male,0
59.05,48.0,52736.33,212.38,Male,1
79.54,41.0,57846.68,227.63,Male,1
82.07,26.0,66524.8,131.68,Female,1
80.47,38.0,64564.07,131.55,Male,1
42.04,37.0,67132.46,139.32,Female,0
55.6,39.0,31947.65,236.87,Female,0
82.07,41.0,57846.68,126.39,Female,1
55.6,35.0,25603.93,236.87,Female,0
58.95,36.0,50628.31,115.26,Male,0
71.03,39.0,48335.2,258.62,Female,1
56.3,29.0,53431.35,216.49,Female,0
82.07,48.0,65956.71,157.04,Female,1
68.01,51.0,74535.94,188.56,Female,1
67.56,28.0,71222.4,217.37,Female,0
55.6,35.0,73889.99,236.87,Female,0
64.75,31.0,56180.93,135.18,Female,0
44.72,43.0,54106.21,157.04,Female,1
46.61,55.0,36752.24,187.76,Female,1
41.73,31.0,27262.51,211.39,Female,1
56.16,30.0,33293.78,174.88,Female,1
73.72,35.0,51119.93,226.54,Male,1
80.47,38.0,57868.44,130.83,Female,1
43.49,27.0,36884.23,171.07,Male,0
89.05,50.0,57868.44,163.48,Male,1
65.77,41.0,64828.0,228.78,Male,0
42.04,37.0,23936.86,158.56,Female,1
73.72,29.0,72203.96,217.1,Male,0
51.24,36.0,32549.95,115.26,Male,0
65.59,39.0,48335.2,258.62,Female,1
52.68,35.0,73889.99,132.63,Male,0
70.96,41.0,49850.52,167.22,Female,0
43.49,37.0,23936.86,109.29,Female,1
47.74,30.0,57877.15,111.94,Male,0
69.62,34.0,34191.23,203.84,Male,0
59.22,40.0,40468.53,140.46,Female,1
56.34,40.0,37345.34,122.59,Male,0
54.88,22.0,31215.88,156.36,Female,0
51.24,36.0,59240.24,140.46,Female,0
72.07,49.0,64564.07,187.76,Male,1
73.1,26.0,56694.12,131.68,Female,0
46.61,40.0,75769.82,194.62,Female,1
60.72,28.0,39799.73,217.37,Female,0
59.59,34.0,40183.75,168.34,Male,0
48.86,35.0,25603.93,214.33,Female,0
56.39,29.0,69646.35,153.76,Female,1
68.61,60.0,39031.89,195.69,Male,1
55.6,39.0,48335.2,258.62,Female,1
48.86,32.0,38609.2,219.94,Female,1
80.51,55.0,55015.08,157.04,Female,1
75.55,36.0,59240.24,140.46,Female,0
40.47,35.0,25603.93,236.87,Female,1
44.78,49.0,64564.07,187.76,Male,1
48.03,40.0,41232.89,115.6,Female,0
65.59,49.0,39031.89,195.69,Male,1
78.64,41.0,64828.0,143.79,Male,1
38.37,32.0,55424.24,172.83,Female,0
46.61,41.0,71157.05,187.76,Female,1
61.22,25.0,50506.44,176.28,Female,0
54.88,45.0,59610.81,124.67,Female,1
72.01,32.0,55424.24,172.83,Female,0
69.88,34.0,34191.23,168.34,Male,1
60.23,44.0,51119.93,163.48,Male,1
41.73,23.0,61617.98,172.81,Male,0
66.08,33.0,72325.91,188.56,Male,1
75.03,34.0,34191.23,196.77,Female,1
84.0,36.0,70592.81,141.52,Male,0
55.6,54.0,62729.4,230.18,Male,0
60.72,23.0,61617.98,172.81,Male,1
89.05,50.0,57868.44,123.13,Female,1
78.7,33.0,40468.53,183.48,Female,1
44.72,41.0,57846.68,158.42,Male,1
59.59,34.0,40183.75,160.03,Female,0
80.31,42.0,44078.24,243.61,Male,0
81.58,55.0,64564.07,163.48,Male,1
75.42,40.0,66574.0,122.59,Male,0
43.49,37.0,68448.94,217.37,Female,0
41.73,28.0,71222.4,172.81,Female,0
79.54,45.0,59610.81,158.42,Male,1
39.96,26.0,35521.88,228.78,Male,0
85.84,25.0,50671.6,141.89,Male,0
55.6,27.0,36884.23,239.32,Male,1
50.43,50.0,49957.0,122.31,Female,1
40.47,35.0,61172.07,221.18,Male,0
40.04,41.0,57846.68,140.46,Female,0
56.39,29.0,69646.35,200.71,Female,0
37.51,49.0,73049.3,217.37,Male,0
70.96,25.0,49850.52,140.46,Female,0
54.39,34.0,34191.23,160.03,Male,1
55.6,39.0,48335.2,140.46,Female,1
57.99,49.0,45632.51,168.34,Female,1
40.04,23.0,25739.09,222.87,Female,0
81.75,60.0,58966.22,124.54,Female,1
66.89,23.0,54725.87,172.81,Male,0
34.78,30.0,56694.12,213.7,Female,0
42.04,27.0,58966.22,202.18,Female,0
41.73,28.0,61840.26,120.49,Male,0
89.05,31.0,64564.07,187.76,Male,1
89.05,41.0,63363.04,255.57,Male,1
70.61,31.0,56180.93,207.17,Female,0
55.6,24.0,52252.91,182.2,Female,0
43.49,37.0,23936.86,258.62,Female,1
39.53,43.0,54251.78,195.69,Male,0
71.84,31.0,59886.58,207.17,Male,0
49.21,27.0,66815.54,131.29,Male,0
60.23,40.0,42696.67,111.94,Male,1
55.6,54.0,42993.48,161.16,Male,1
66.12,28.0,59448.44,230.52,Female,1
51.24,36.0,29398.61,140.46,Female,0
75.84,25.0,50506.44,202.18,Female,0
73.21,42.0,34418.09,129.8,Male,1
66.08,33.0,60953.93,215.18,Female,0
83.71,45.0,74903.41,137.24,Male,1
37.0,32.0,55424.24,172.83,Male,0
65.56,30.0,33293.78,113.69,Female,1
89.05,44.0,57846.68,187.76,Female,1
81.98,51.0,57260.41,118.27,Female,1
81.98,34.0,59785.94,160.03,Male,0
65.77,41.0,57846.68,137.24,Female,1
54.88,40.0,40468.53,167.22,Female,0
47.64,52.0,33951.63,186.37,Male,1
51.56,27.0,36884.23,131.29,Male,0
41.73,28.0,61840.26,199.39,Male,0
82.07,48.0,62784.85,212.38,Male,1
73.72,35.0,73889.99,221.18,Male,0
82.07,22.0,67058.72,121.07,Female,0
34.3,34.0,34191.23,160.03,Male,1
43.49,28.0,71222.4,217.37,Female,0
66.18,28.0,55993.68,120.49,Male,0
47.64,52.0,33951.63,186.37,Female,1
44.64,36.0,29398.61,140.46,Female,0
40.04,34.0,34191.23,168.34,Female,1
80.31,28.0,47258.59,217.37,Female,1
82.07,22.0,31215.88,121.07,Female,0
89.05,44.0,64011.26,122.31,Female,1
43.49,37.0,53058.91,158.56,Female,0
80.47,48.0,52736.33,123.13,Male,1
74.54,50.0,59886.58,226.79,Male,1
88.12,26.0,53336.76,131.68,Male,0
51.3,26.0,51463.17,131.68,Female,0
56.39,60.0,66504.16,218.61,Male,1
69.62,34.0,59785.94,203.44,Female,1
82.07,49.0,64564.07,187.76,Male,0
68.01,33.0,40468.53,191.82,Female,1
41.67,36.0,29398.61,140.46,Female,0
50.87,38.0,71455.62,238.58,Female,1
41.73,49.0,39031.89,195.69,Male,1
42.04,49.0,39031.89,195.69,Male,1
65.77,28.0,45593.93,172.81,Female,0
52.84,28.0,71222.4,217.37,Female,0
80.46,24.0,64698.58,167.22,Female,0
55.6,24.0,50055.33,137.63,Male,1
59.59,34.0,34191.23,231.94,Male,1
71.84,42.0,78520.99,143.13,Male,1
78.7,30.0,57877.15,172.83,Female,0
55.6,36.0,32549.95,141.52,Female,1
65.77,23.0,46422.76,216.01,Male,1
65.59,37.0,48335.2,258.62,Female,1
40.47,35.0,66187.58,236.87,Female,0
37.0,30.0,57877.15,201.58,Female,0
78.79,36.0,61610.05,141.52,Male,1
83.69,28.0,71222.4,217.37,Female,0
71.03,28.0,53058.91,230.52,Female,1
66.12,49.0,45632.51,113.8,Female,1
55.6,39.0,65953.76,132.63,Male,0
82.07,42.0,64564.07,224.82,Female,1
88.04,38.0,50723.67,206.98,Female,1
53.68,25.0,25686.34,141.89,Male,0
75.15,46.0,58966.22,229.22,Male,0
80.47,38.0,64564.07,108.15,Male,1
40.47,35.0,25603.93,236.87,Female,0
44.72,33.0,46868.53,191.82,Male,0
59.59,43.0,60575.99,198.45,Male,1
89.05,43.0,51119.93,163.48,Female,1
78.36,43.0,73538.09,167.86,Male,1
47.74,51.0,74535.94,120.37,Male,1
33.33,25.0,50671.6,105.86,Male,0
52.68,35.0,73889.99,226.54,Male,0
60.53,22.0,67058.72,136.21,Female,0
82.07,38.0,70582.55,187.76,Male,1
37.68,34.0,34191.23,114.53,Male,1
55.6,24.0,70505.06,178.92,Male,0
60.23,22.0,61009.1,198.45,Male,0
56.34,40.0,66873.9,232.78,Male,0
66.08,48.0,62784.85,123.13,Female,1
54.88,50.0,53922.43,121.28,Female,1
66.08,33.0,63430.33,215.18,Male,0
39.36,42.0,66025.11,243.61,Male,1
79.6,23.0,55121.65,199.43,Male,1
82.07,41.0,51510.18,137.24,Female,1
42.6,31.0,61840.26,207.17,Male,0
75.55,32.0,55424.24,172.83,Female,0
81.75,49.0,40763.13,195.69,Male,1
80.3,49.0,39031.89,195.69,Male,1
35.61,27.0,66187.58,239.32,Female,1
37.0,30.0,57877.15,172.83,Female,0
71.28,54.0,38609.2,182.2,Female,1
59.05,22.0,61009.1,136.21,Female,0
79.44,52.0,54952.42,171.07,Male,1
83.69,49.0,38260.89,168.34,Female,1
80.15,49.0,57868.44,158.42,Male,1
78.7,33.0,49101.67,146.44,Male,1
51.87,37.0,62772.42,109.29,Male,0
41.16,30.0,58677.69,174.88,Female,1
51.56,36.0,29398.61,140.46,Female,0
73.1,26.0,53336.76,131.68,Female,0
42.32,31.0,59677.64,207.17,Male,0
80.31,31.0,61840.26,207.17,Male,0
51.87,49.0,39031.89,195.69,Male,1
59.22,40.0,73882.91,122.59,Male,0
46.61,44.0,64011.26,163.48,Female,1
63.36,26.0,35521.88,131.68,Male,0
81.58,25.0,63430.33,227.73,Male,0
66.08,33.0,60953.93,196.77,Female,0
60.83,32.0,69481.85,118.27,Male,1
56.34,40.0,37345.34,122.59,Male,0
40.47,27.0,66815.54,202.18,Female,0
59.59,43.0,43974.49,157.04,Female,1
65.65,30.0,74535.94,140.46,Female,0
43.49,37.0,58235.21,195.69,Male,0
56.39,46.0,54286.1,130.86,Female,1
80.47,48.0,57868.44,123.13,Male,1
82.07,43.0,51119.93,167.86,Male,1
42.04,37.0,75180.2,158.56,Male,0
79.81,23.0,58953.01,236.87,Female,1
51.24,27.0,64021.55,190.17,Female,0
48.46,25.0,50506.44,241.03,Female,0
68.01,33.0,39616.0,120.75,Male,1
51.24,36.0,59240.24,140.46,Male,0
79.54,41.0,59243.46,112.52,Male,1
54.39,34.0,34191.23,160.03,Male,1
54.37,29.0,57545.56,249.45,Female,0
50.19,36.0,73882.91,115.26,Male,0
41.73,41.0,50506.44,241.03,Female,0
55.6,37.0,67132.46,158.56,Female,1
59.05,33.0,43974.49,196.77,Male,1
88.12,26.0,53549.94,131.68,Male,0
40.17,26.0,50628.31,143.79,Male,0
83.71,26.0,74903.41,228.78,Male,1
59.51,46.0,33951.63,191.82,Male,1
65.07,34.0,57868.44,114.53,Male,1
61.84,45.0,70053.27,174.88,Female,1
76.58,44.0,73538.09,167.86,Male,0
55.6,39.0,61601.05,255.61,Female,0
74.71,41.0,50628.31,187.76,Male,0
60.53,38.0,70582.55,122.04,Male,0
86.06,35.0,42696.67,202.61,Male,0
46.31,31.0,61840.26,207.17,Male,0
66.18,35.0,57587.0,255.57,Male,1
67.8,25.0,50671.6,241.03,Male,0
79.97,42.0,60514.05,238.58,Female,1
55.6,35.0,50506.44,214.42,Female,0
82.07,43.0,51119.93,198.45,Male,1
47.74,40.0,60968.62,111.94,Male,1
47.64,29.0,69718.19,200.71,Female,0
80.3,60.0,58966.22,186.37,Male,1
42.39,44.0,44174.25,122.31,Female,1
43.49,54.0,44304.13,161.16,Male,1
41.73,25.0,59886.58,228.78,Male,0
80.3,23.0,53058.91,149.53,Female,1
43.63,32.0,69481.85,226.54,Male,1
55.6,35.0,53898.89,221.18,Male,1
49.21,46.0,54286.1,130.86,Female,1
80.23,31.0,59886.58,174.88,Male,0
54.37,35.0,54875.95,236.87,Female,0
52.84,26.0,66291.67,131.68,Male,1
84.73,30.0,73174.19,240.95,Female,1
55.6,35.0,73889.99,226.54,Male,0
40.04,23.0,25739.09,172.81,Female,0
36.56,52.0,33951.63,130.86,Male,1
72.8,29.0,73910.9,195.69,Male,0
76.58,46.0,33951.63,231.95,Male,1
67.69,40.0,53898.89,130.86,Male,1
71.28,40.0,40468.53,167.22,Female,1
37.0,30.0,57877.15,122.59,Male,0
54.08,36.0,59240.24,205.5,Male,0
56.3,29.0,61172.07,216.49,Female,0
55.6,32.0,55424.24,172.83,Male,0
44.72,38.0,71455.62,230.93,Female,1
35.66,32.0,69481.85,219.94,Female,1
67.85,39.0,42838.29,199.79,Male,0
41.73,28.0,61840.26,161.16,Male,0
66.08,46.0,40468.53,253.48,Female,0
86.06,35.0,73889.99,226.54,Male,0
84.98,24.0,52252.91,178.92,Male,0
43.49,37.0,23936.86,217.37,Female,0
60.23,44.0,51119.93,139.34,Male,0
65.77,42.0,60514.05,129.8,Female,1
60.23,43.0,32635.7,198.45,Male,1
62.26,32.0,56605.12,172.83,Male,0
72.88,45.0,67575.12,174.88,Female,1
80.3,46.0,66504.16,218.61,Male,1
55.46,27.0,64045.93,216.49,Female,0
70.92,31.0,49111.47,207.17,Female,0
46.14,52.0,59886.58,229.99,Male,1
85.62,27.0,36884.23,193.29,Male,0
62.26,29.0,72203.96,217.1,Male,0
82.79,35.0,51119.93,226.54,Male,1
60.7,19.0,69646.35,112.72,Female,0
51.87,37.0,67132.46,181.02,Female,0
55.6,30.0,57877.15,172.83,Female,0
59.59,34.0,59785.94,160.03,Female,1
54.47,35.0,73889.99,225.58,Female,0
80.31,31.0,27262.51,207.17,Female,0
46.61,38.0,47510.42,230.93,Female,1
71.03,28.0,59448.44,230.52,Female,0
43.49,37.0,23936.86,109.29,Male,1
59.51,52.0,58966.22,153.76,Female,1
34.66,44.0,57846.68,230.93,Female,1
46.61,45.0,27241.11,184.23,Female,1
70.09,43.0,68787.09,122.31,Female,1
60.53,22.0,31215.88,120.06,Female,1
78.79,36.0,73882.91,214.33,Male,0
74.54,41.0,41920.79,187.76,Male,1
80.3,37.0,75180.2,217.37,Female,1
43.49,28.0,53058.91,217.37,Female,0
66.18,28.0,71222.4,139.01,Female,1
59.05,50.0,43974.49,196.77,Female,1
61.22,45.0,46197.59,124.67,Female,1
55.6,39.0,55942.04,137.63,Male,0
89.05,44.0,61428.18,140.95,Male,0
46.61,40.0,27086.4,158.42,Male,1
80.15,26.0,59457.52,235.29,Male,0
55.6,35.0,73889.99,236.87,Male,0
54.88,48.0,52736.33,123.13,Female,1
63.37,33.0,55015.08,178.69,Male,0
82.07,55.0,34418.09,187.76,Female,1
82.07,22.0,54774.77,131.68,Female,0
40.47,35.0,73889.99,236.87,Female,0
80.51,38.0,71455.62,122.04,Female,1
66.08,33.0,38745.29,230.95,Male,0
58.21,27.0,31281.01,190.17,Female,1
56.16,30.0,33293.78,228.81,Female,0
68.88,42.0,40182.84,238.58,Female,1
61.22,45.0,59886.58,124.67,Female,0
54.88,44.0,57846.68,214.38,Female,1
80.3,49.0,45632.51,168.34,Female,1
71.03,39.0,23936.86,158.56,Female,1
53.92,39.0,61840.26,207.17,Male,0
80.3,37.0,68448.94,173.43,Female,1
78.7,51.0,57868.44,178.75,Female,1
37.0,32.0,55424.24,172.83,Male,0
78.6,34.0,59785.94,160.03,Female,0
40.47,35.0,73889.99,236.87,Female,0
83.4,34.0,40183.75,203.84,Male,0
79.54,41.0,57846.68,126.39,Female,1
85.62,31.0,57739.03,183.85,Male,0
53.68,29.0,69646.35,198.5,Male,0
40.04,34.0,20592.99,168.34,Male,0
86.06,32.0,55424.24,178.92,Male,0
71.28,40.0,73882.91,218.61,Male,0
77.14,33.0,61005.87,204.02,Male,0
55.92,34.0,59785.94,160.03,Female,0
45.7,31.0,59677.64,207.17,Male,0
86.06,35.0,73889.99,226.54,Male,0
71.33,39.0,42993.48,114.69,Male,1
47.74,41.0,51510.18,167.86,Male,1
66.08,43.0,55642.32,157.04,Female,0
44.72,33.0,41547.62,215.18,Male,0
73.49,26.0,53336.76,131.68,Male,0
66.08,33.0,77988.71,190.71,Male,0
59.51,32.0,69481.85,219.94,Female,1
61.22,45.0,61526.25,174.88,Female,1
35.49,35.0,54875.95,161.16,Male,1
55.6,32.0,55424.24,172.83,Male,0
54.88,22.0,67058.72,136.21,Female,0
42.39,41.0,57846.68,234.26,Male,1
55.6,35.0,73884.48,236.87,Female,1
42.04,39.0,74623.27,110.68,Female,0
80.46,25.0,50671.6,241.03,Male,0
54.55,28.0,67669.06,207.17,Female,0
43.49,37.0,67132.46,216.49,Female,0
65.77,41.0,57846.68,137.24,Male,1
69.62,34.0,34191.23,203.84,Male,0
48.03,51.0,74535.94,130.41,Male,1
56.64,28.0,57846.68,244.23,Female,0
56.39,46.0,33951.63,191.82,Male,0
74.06,34.0,40183.75,168.34,Male,0
56.01,52.0,73049.3,209.72,Male,1
87.35,31.0,56180.93,204.79,Female,0
69.15,46.0,54286.1,191.82,Female,1
41.16,30.0,30726.26,138.71,Female,0
72.23,40.0,75769.82,176.98,Female,1
66.08,46.0,54286.1,191.82,Female,0
78.79,36.0,32549.95,167.42,Male,0
89.05,43.0,57868.44,163.48,Male,1
89.05,41.0,50628.31,126.39,Male,1
39.96,45.0,74903.41,124.67,Female,1
42.04,49.0,45632.51,113.8,Female,1
40.04,23.0,25739.09,172.81,Female,0
88.12,38.0,51920.49,230.93,Female,1
41.73,33.0,52530.1,216.01,Male,1
39.36,42.0,72209.99,120.75,Male,0
55.6,54.0,38609.2,182.2,Male,0
49.21,30.0,57877.15,111.94,Male,0
78.84,35.0,73884.48,236.87,Female,1
69.62,34.0,59785.94,168.34,Male,1
46.61,41.0,48335.2,137.24,Female,1
37.0,30.0,57877.15,201.58,Female,0
40.47,35.0,50671.6,168.41,Male,0
56.39,46.0,58966.22,130.86,Male,1
89.05,44.0,33553.9,187.76,Male,1
57.24,33.0,49101.67,222.75,Male,1
51.87,40.0,25603.93,219.91,Female,0
65.77,23.0,61617.98,211.38,Male,1
55.6,39.0,38067.08,124.44,Female,0
51.68,37.0,23936.86,178.51,Female,0
51.24,53.0,74535.94,138.68,Female,0
55.6,24.0,52252.91,182.2,Female,0
61.22,31.0,56180.93,129.01,Female,0
80.3,33.0,55677.12,222.72,Male,0
60.23,43.0,57868.44,198.45,Male,1
70.09,33.0,73538.09,117.75,Male,1
47.74,33.0,39616.0,191.82,Male,1
78.84,35.0,60223.52,219.94,Female,0
62.18,19.0,63430.33,133.2,Male,0
41.73,31.0,56180.93,240.64,Male,0
89.05,50.0,51119.93,163.48,Male,1
36.56,40.0,40468.53,221.98,Female,1
66.08,33.0,39616.0,115.91,Female,0
54.47,35.0,54429.17,236.87,Female,0
67.71,49.0,45632.51,113.8,Female,1
76.79,34.0,34191.23,114.53,Male,0
89.05,44.0,48335.2,187.76,Female,1
55.6,39.0,37334.78,161.16,Male,1
82.07,55.0,57868.44,187.76,Male,1
42.04,60.0,39031.89,113.8,Female,1
60.83,31.0,57195.96,110.93,Male,0
63.26,34.0,40183.75,168.34,Male,0
79.52,43.0,73538.09,167.86,Male,1
56.16,46.0,66291.67,130.86,Male,1
60.23,43.0,60575.99,198.45,Male,1
34.78,36.0,29398.61,140.46,Female,0
47.74,36.0,32549.95,109.07,Male,0
51.87,19.0,69646.35,225.58,Female,0
72.55,36.0,76003.47,140.46,Female,1
40.17,26.0,63430.33,140.46,Female,0
56.16,33.0,56782.18,123.13,Female,1
55.6,39.0,23936.86,181.02,Female,1
72.55,39.0,48335.2,258.62,Female,1
44.4,30.0,69428.73,201.58,Female,0
65.59,37.0,37334.78,140.15,Female,1
76.56,34.0,40183.75,168.34,Male,0
36.73,42.0,60514.05,238.58,Female,1
89.05,25.0,64564.07,187.76,Male,0
55.6,35.0,73889.99,182.2,Male,0
40.47,27.0,58966.22,158.81,Female,0
35.33,29.0,53431.35,217.1,Male,1
74.07,39.0,48335.2,258.62,Female,1
78.64,31.0,56180.93,248.23,Female,0
41.73,42.0,60514.05,199.43,Male,1
61.22,25.0,50723.67,201.04,Male,0
78.7,46.0,33951.63,221.98,Male,1
51.24,36.0,76003.47,140.46,Female,1
36.56,29.0,69646.35,231.95,Male,1
46.61,43.0,60997.84,121.28,Female,1
75.71,50.0,27241.11,198.45,Male,0
82.07,38.0,57868.44,230.93,Female,1
44.64,36.0,59240.24,124.44,Female,0
84.73,26.0,60997.84,176.98,Female,1
57.24,33.0,41547.62,227.37,Male,1
60.23,55.0,66291.67,158.42,Male,1
56.39,46.0,40468.53,221.98,Female,1
80.46,44.0,57846.68,224.82,Female,1
71.84,39.0,32549.95,115.26,Male,1
74.06,31.0,31281.01,212.87,Male,0
70.96,40.0,66873.9,132.63,Male,0
51.38,19.0,58966.22,163.0,Male,0
71.33,54.0,43450.11,230.18,Female,1
56.39,46.0,54286.1,209.93,Female,1
40.47,35.0,25603.93,236.87,Female,0
47.64,29.0,53673.08,208.05,Female,0
38.37,36.0,76003.47,140.46,Female,1
59.59,22.0,73882.91,136.21,Female,0
82.79,35.0,25603.93,236.87,Female,1
81.58,43.0,73538.09,167.86,Male,1
49.21,52.0,41097.17,157.04,Female,1
80.51,22.0,74903.41,187.76,Female,0
55.6,24.0,52252.91,209.64,Male,1
89.05,22.0,48335.2,187.76,Female,1
78.51,40.0,40468.53,140.46,Female,0
42.39,31.0,59677.64,207.17,Female,0
37.0,30.0,57877.15,244.91,Male,0
43.49,37.0,68448.94,217.37,Male,0
39.3,29.0,72203.96,217.1,Male,0
35.61,30.0,54324.73,140.15,Female,1
56.39,40.0,62669.59,117.3,Male,1
82.79,35.0,73889.99,226.54,Male,1
78.7,33.0,75769.82,191.82,Female,1
40.04,34.0,59785.94,160.03,Female,1
35.61,39.0,23936.86,126.95,Female,0
43.6,35.0,54875.95,236.87,Female,1
83.71,38.0,47510.42,132.08,Female,1
73.38,29.0,61172.07,196.61,Female,0
83.71,42.0,60637.62,172.81,Male,0
55.6,24.0,52252.91,182.2,Female,1
44.78,38.0,57868.44,137.24,Male,1
82.07,43.0,56770.79,157.04,Female,1
60.23,50.0,39616.0,122.31,Female,1
80.3,37.0,51067.54,217.37,Female,1
55.6,39.0,61601.05,124.44,Female,0
55.6,36.0,59240.24,124.44,Female,0
50.19,36.0,29398.61,140.46,Male,1
80.3,29.0,63649.04,158.56,Male,1
78.84,29.0,69646.35,208.05,Female,0
41.73,23.0,58151.87,217.37,Male,0
80.3,52.0,51409.45,234.75,Male,1
51.56,52.0,33951.63,229.12,Male,1
53.92,37.0,56729.78,221.79,Male,1
81.22,26.0,51463.17,259.76,Female,1
81.75,34.0,34191.23,114.53,Male,0
70.58,27.0,14548.06,190.17,Female,1
66.12,28.0,71222.4,217.37,Female,0
76.58,43.0,56770.79,163.48,Female,1
36.08,45.0,57195.96,174.88,Female,0
80.3,46.0,66187.58,218.61,Female,1
81.75,33.0,43974.49,137.43,Male,0
47.64,29.0,69646.35,171.07,Male,0
47.74,36.0,32549.95,109.07,Male,1
63.89,25.0,50671.6,165.62,Male,1
68.18,31.0,59886.58,140.46,Female,0
48.86,36.0,61610.05,140.46,Female,1
43.49,37.0,58235.21,181.02,Male,1
81.75,51.0,74535.94,130.41,Female,0
56.39,40.0,40468.53,140.46,Female,0
34.3,34.0,34191.23,187.09,Male,1
59.22,31.0,47997.75,207.17,Female,1
46.61,41.0,48335.2,137.24,Female,1
78.36,34.0,40183.75,160.03,Female,0
55.6,35.0,42993.48,221.18,Male,0
55.6,39.0,19991.72,124.44,Female,1
37.45,27.0,74903.41,131.29,Male,1
43.6,35.0,53898.89,126.39,Female,1
65.59,39.0,65953.76,128.62,Male,1
74.54,42.0,59243.46,143.13,Male,1
51.87,60.0,39031.89,195.69,Female,1
69.62,42.0,60514.05,199.43,Male,1
52.68,35.0,25603.93,236.87,Female,0
46.61,50.0,57868.44,123.13,Male,1
89.05,41.0,51510.18,158.42,Male,1
59.51,32.0,55424.24,172.83,Male,0
59.51,29.0,69646.35,200.71,Female,0
79.97,31.0,27262.51,207.17,Female,0
49.42,45.0,69428.73,252.36,Female,0
66.12,49.0,45632.51,113.8,Female,1
44.64,36.0,59240.24,140.46,Female,0
57.99,52.0,73049.3,229.12,Male,1
66.89,42.0,58151.87,161.16,Male,1
41.89,25.0,50506.44,241.03,Male,0
84.76,36.0,61610.05,140.46,Female,1
65.07,34.0,59785.94,160.03,Female,0
71.84,31.0,61840.26,207.17,Male,0
61.22,36.0,41521.28,115.26,Male,0
40.04,34.0,59785.94,168.34,Female,1
88.04,26.0,51463.17,131.68,Female,0
69.15,27.0,55901.12,193.29,Female,0
66.08,34.0,59785.94,160.03,Female,0
60.72,28.0,61840.26,217.37,Male,0
82.07,22.0,31215.88,136.21,Female,1
41.73,28.0,75044.35,207.17,Female,0
78.6,22.0,63363.04,121.07,Female,0
54.08,36.0,32549.95,115.26,Male,1
80.3,49.0,39031.89,227.72,Female,1
59.59,34.0,59785.94,183.82,Female,1
55.6,35.0,73889.99,221.18,Male,0
89.05,44.0,48335.2,109.07,Male,1
69.17,45.0,31092.93,137.24,Male,1
80.31,31.0,57739.03,217.37,Male,1
56.16,40.0,53441.69,228.81,Female,1
46.61,26.0,56694.12,180.47,Female,1
59.05,45.0,33951.63,157.04,Female,1
80.03,44.0,57846.68,231.48,Male,1
62.26,32.0,55424.24,178.92,Male,0
73.49,26.0,35521.88,131.68,Female,0
41.73,31.0,61840.26,212.87,Male,0
78.37,50.0,43974.49,123.13,Female,1
89.05,42.0,57868.44,238.58,Male,1
40.04,23.0,60514.05,146.8,Female,1
71.33,39.0,59677.64,207.17,Male,0
35.61,37.0,67132.46,258.62,Female,1
72.01,25.0,50506.44,202.18,Female,0
55.79,44.0,53817.02,131.76,Male,0
56.16,40.0,41232.89,117.3,Male,1
46.61,48.0,53922.43,123.13,Female,1
41.16,30.0,58677.69,172.83,Female,0
75.71,52.0,43974.49,229.12,Male,1
42.04,27.0,69646.35,181.02,Female,0
56.39,40.0,40468.53,222.91,Female,1
51.56,35.0,56113.37,236.87,Female,0
44.46,33.0,41547.62,178.69,Male,0
59.51,40.0,62669.59,244.91,Male,0
80.3,37.0,53058.91,129.31,Female,0
55.6,35.0,42993.48,221.18,Male,0
60.53,38.0,51920.49,154.75,Female,1
71.74,27.0,36884.23,131.29,Male,0
81.59,35.0,74445.18,235.29,Male,0
78.84,35.0,25603.93,236.87,Female,0
89.34,27.0,56180.93,239.32,Female,0
80.47,45.0,74903.41,137.24,Male,1
43.49,37.0,58235.21,195.69,Male,0
45.08,37.0,23936.86,109.29,Female,0
60.23,33.0,44174.25,196.77,Male,1
56.57,44.0,74180.05,218.22,Female,0
82.07,34.0,59785.94,243.61,Male,1
71.84,39.0,38067.08,124.44,Female,0
44.64,40.0,38067.08,140.46,Female,1
78.7,36.0,76003.47,140.46,Female,1
78.84,32.0,55424.24,172.83,Female,0
66.18,37.0,55942.04,195.69,Male,0
47.74,30.0,57877.15,111.94,Male,0
56.64,29.0,67132.46,196.61,Female,0
84.45,28.0,27508.41,221.79,Male,0
73.72,35.0,73889.99,202.61,Male,0
51.87,29.0,69646.35,191.82,Male,0
49.21,46.0,66815.54,112.72,Female,0
80.99,26.0,53336.76,131.68,Male,0
79.54,44.0,48335.2,122.31,Female,1
76.2,33.0,41547.62,204.02,Male,0
82.07,49.0,57868.44,187.76,Male,1
51.24,36.0,50628.31,140.46,Male,1
71.84,39.0,32549.95,141.89,Male,0
35.61,29.0,61172.07,196.61,Male,0
72.23,30.0,74535.94,140.46,Female,0
51.24,36.0,29398.61,141.52,Female,1
56.3,27.0,55901.12,193.29,Female,0
79.6,28.0,71222.4,217.37,Female,0
80.31,31.0,56180.93,207.17,Female,0
65.59,39.0,65953.76,212.87,Male,0
51.38,34.0,34191.23,168.34,Male,0
81.22,41.0,50628.31,187.76,Male,0
70.09,45.0,33951.63,157.04,Female,1
57.99,49.0,45632.51,195.69,Male,1
47.48,54.0,58677.69,254.65,Female,1
89.0,40.0,55002.05,194.62,Female,1
59.51,53.0,66574.0,195.89,Male,1
61.22,31.0,78119.5,219.55,Female,0
66.12,52.0,73049.3,211.87,Female,1
64.75,25.0,50506.44,176.28,Female,0
78.36,43.0,32635.7,124.38,Male,1
59.59,23.0,25739.09,222.87,Female,1
64.38,33.0,56457.01,120.75,Male,0
40.42,45.0,59610.81,135.31,Male,1
36.08,45.0,74903.41,137.24,Male,1
39.3,32.0,55424.24,172.83,Female,0
60.72,28.0,71222.4,217.37,Female,0
41.73,31.0,59886.58,133.17,Male,1
62.42,43.0,27241.11,198.45,Male,1
83.71,45.0,31092.93,174.88,Female,1
79.54,44.0,57846.68,109.07,Male,1
36.56,52.0,33951.63,231.95,Male,1
35.66,36.0,29398.61,140.46,Female,0
81.58,41.0,64828.0,126.39,Male,1
50.08,40.0,73882.91,132.63,Male,0
67.56,39.0,71455.62,138.87,Female,1
39.96,45.0,59886.58,174.88,Female,1
78.7,40.0,62669.59,221.98,Male,1
51.24,32.0,69481.85,219.94,Female,0
68.01,33.0,56782.18,120.75,Female,0
56.34,40.0,66574.0,218.61,Male,1
89.05,43.0,73538.09,187.76,Male,1
51.24,36.0,53817.02,140.46,Female,0
80.3,19.0,63430.33,113.53,Male,0
43.49,37.0,67132.46,217.37,Female,0
56.34,32.0,31265.75,178.92,Male,0
66.08,29.0,69646.35,200.71,Female,0
41.73,28.0,71222.4,217.37,Female,0
40.17,45.0,27241.11,110.66,Male,0
83.4,42.0,62161.26,118.45,Female,1
60.83,31.0,61840.26,240.64,Male,0
64.75,36.0,76003.47,140.46,Female,0
80.51,55.0,57014.84,156.97,Male,1
73.89,31.0,55121.65,207.17,Female,0
82.07,51.0,57868.44,130.41,Female,1
46.61,38.0,64564.07,230.93,Female,1
70.03,26.0,46033.73,207.17,Male,0
56.39,40.0,38067.08,140.46,Female,1
68.88,42.0,60514.05,236.87,Female,0
81.75,33.0,68094.85,120.75,Female,0
42.04,37.0,67132.46,181.02,Female,0
41.73,42.0,60514.05,236.87,Female,1
83.71,42.0,59243.46,114.69,Male,1
41.73,28.0,61840.26,217.37,Male,0
59.22,49.0,45632.51,168.34,Female,0
42.04,37.0,74180.05,129.31,Female,1
41.73,31.0,61840.26,207.17,Male,0
47.64,29.0,53431.35,200.71,Female,0
45.99,51.0,60575.99,111.94,Male,1
44.72,27.0,39193.45,184.94,Male,0
72.07,36.0,32549.95,109.98,Male,0
66.12,49.0,45632.51,113.8,Female,1
37.0,30.0,67186.54,140.15,Male,0
52.84,26.0,56435.6,160.49,Female,0
81.75,46.0,66815.54,229.12,Female,1
40.47,35.0,25603.93,236.87,Female,0
39.96,45.0,59886.58,174.88,Female,1
56.39,29.0,69646.35,200.71,Female,0
51.24,32.0,69481.85,219.94,Female,1
66.08,33.0,44174.25,123.13,Female,1
86.06,32.0,55424.24,182.2,Female,1
46.14,33.0,43974.49,196.77,Male,1
66.08,43.0,73538.09,163.48,Male,1
65.77,23.0,25739.09,172.81,Male,1
79.54,41.0,50628.31,158.42,Male,1
89.34,29.0,67132.46,219.94,Female,0
71.84,39.0,38067.08,124.44,Female,1
47.74,51.0,74159.69,120.37,Male,0
50.33,31.0,39799.73,207.17,Female,0
89.34,27.0,38817.4,168.92,Male,0
54.88,33.0,39616.0,123.13,Female,1
47.64,19.0,33951.63,229.12,Male,1
39.96,45.0,59886.58,174.88,Female,0
66.4,34.0,59785.94,168.34,Male,0
86.06,32.0,55424.24,178.92,Male,1
59.51,40.0,72203.96,136.18,Male,0
79.52,25.0,50506.44,254.57,Female,0
76.2,34.0,59785.94,243.61,Male,0
86.06,35.0,73889.99,226.54,Male,0
74.54,41.0,57846.68,120.63,Female,0
51.24,30.0,58677.69,195.56,Female,0
49.21,30.0,42696.67,140.15,Male,1
55.6,20.0,71727.51,182.2,Female,0
57.24,44.0,57846.68,187.76,Female,1
83.71,42.0,57868.44,160.49,Female,0
66.12,19.0,79332.33,163.0,Female,0
51.24,36.0,32549.95,141.52,Female,1
40.47,35.0,42993.48,221.18,Male,0
82.07,22.0,48335.2,176.98,Female,0
59.59,22.0,52416.18,136.21,Female,0
37.45,31.0,59886.58,133.17,Male,0
39.96,45.0,59610.81,138.71,Male,1
75.03,34.0,43974.49,151.95,Female,1
47.64,29.0,69718.19,216.49,Male,0
42.04,49.0,45632.51,113.8,Female,1
42.32,31.0,56180.93,207.17,Female,0
41.73,31.0,56180.93,207.17,Female,0
74.06,42.0,59243.46,143.13,Male,0
74.15,31.0,59677.64,207.17,Male,0
68.18,27.0,31281.01,115.26,Male,1
46.61,41.0,48335.2,109.07,Male,1
56.3,30.0,61389.5,202.61,Male,0
52.68,24.0,52252.91,182.2,Female,0
38.37,32.0,69481.85,182.2,Female,1
43.49,37.0,43450.11,151.93,Male,0
71.84,39.0,23936.86,109.29,Male,0
52.68,39.0,71222.4,199.79,Male,0
56.39,52.0,64021.55,194.23,Male,1
79.97,45.0,67575.12,174.88,Female,1
79.81,34.0,34191.23,168.34,Male,0
81.58,26.0,68030.18,131.68,Male,0
74.27,40.0,51317.33,167.22,Female,1
35.61,29.0,56113.37,200.71,Female,0
59.22,49.0,56729.78,195.69,Male,1
59.64,31.0,59886.58,207.17,Male,0
65.07,41.0,64828.0,234.26,Male,1
84.73,51.0,57868.44,163.48,Female,1
79.54,44.0,33553.9,131.72,Male,1
41.16,30.0,48918.55,202.61,Male,0
78.36,43.0,73538.09,198.45,Male,0
80.3,23.0,53058.91,217.37,Female,0
85.62,29.0,69646.35,200.71,Female,0
40.04,28.0,71222.4,217.37,Female,0
43.49,49.0,40763.13,195.69,Male,1
46.61,44.0,57846.68,163.48,Male,1
55.6,35.0,25603.93,236.87,Female,1
83.71,38.0,57868.44,269.96,Female,1
78.7,40.0,66291.67,221.98,Male,1
55.6,24.0,64698.58,182.2,Male,0
42.04,37.0,23936.86,158.56,Female,1
58.95,36.0,67511.86,109.29,Male,0
61.84,45.0,60641.09,174.88,Female,1
40.47,35.0,25603.93,236.87,Female,0
88.04,26.0,51463.17,131.68,Female,0
59.05,50.0,43974.49,123.13,Female,1
42.04,37.0,59448.44,158.56,Female,1
37.0,39.0,65883.39,124.44,Female,0
55.6,39.0,65953.76,141.89,Male,0
82.07,22.0,63363.04,121.07,Female,0
83.71,42.0,60514.05,238.58,Female,1
69.62,34.0,34191.23,160.03,Male,0
60.23,43.0,73538.09,198.45,Male,1
40.04,23.0,56180.93,217.37,Female,0
52.68,32.0,70505.06,172.83,Male,0
80.3,40.0,69718.19,153.76,Female,0
46.61,53.0,50671.6,174.88,Female,1
36.08,45.0,57195.96,174.88,Female,1
68.01,33.0,68094.85,120.75,Male,0
82.07,22.0,51363.16,180.47,Male,0
80.47,41.0,63363.04,187.76,Male,1
55.6,24.0,52252.91,182.2,Female,1
48.86,35.0,39840.55,236.87,Female,0
41.73,31.0,61840.26,207.17,Male,1
56.39,54.0,58966.22,218.61,Male,1
89.05,43.0,32635.7,198.45,Male,1
88.04,38.0,57868.44,230.93,Female,1
80.51,50.0,43974.49,123.13,Female,1
55.6,24.0,52252.91,182.2,Female,1
40.19,28.0,71222.4,217.37,Female,0
65.65,30.0,33293.78,219.94,Female,0
55.6,24.0,52252.91,182.2,Female,0
80.51,55.0,38260.89,187.76,Male,1
80.3,49.0,39031.89,195.69,Male,1
42.04,49.0,39031.89,195.69,Male,1
80.3,37.0,51067.54,195.69,Male,1
51.24,54.0,53188.69,190.05,Female,1
41.73,28.0,51501.38,120.49,Male,0
40.47,35.0,25603.93,236.87,Female,0
42.04,27.0,36884.23,202.18,Female,0
68.01,43.0,52563.22,157.04,Female,1
47.64,29.0,69646.35,195.69,Male,0
77.65,25.0,60315.19,116.38,Male,0
59.51,30.0,57877.15,172.83,Female,0
88.04,38.0,64564.07,230.93,Female,1
41.73,31.0,59610.81,131.29,Male,1
46.61,40.0,75769.82,117.3,Female,1
51.56,29.0,53431.35,167.22,Female,1
69.88,34.0,34191.23,168.34,Male,1
52.68,35.0,57739.03,132.63,Male,0
75.42,30.0,57877.15,111.94,Male,0
40.04,34.0,34191.23,160.03,Male,0
41.73,31.0,66348.95,211.39,Male,1
55.6,24.0,52252.91,182.2,Female,0
55.6,35.0,37334.78,119.2,Male,1
71.84,28.0,55121.65,222.87,Female,1
40.17,26.0,51317.33,131.68,Female,1
73.89,28.0,71222.4,217.37,Female,0
46.61,48.0,57868.44,156.97,Male,1
40.04,23.0,40135.06,222.87,Female,1
42.94,37.0,68877.02,129.31,Female,1
51.87,60.0,66504.16,218.61,Female,1
43.49,37.0,57806.03,142.81,Male,1
80.31,31.0,59886.58,228.81,Female,0
51.24,36.0,62589.84,124.44,Male,1
79.52,50.0,57868.44,163.48,Male,1
55.6,35.0,42993.48,132.63,Male,0
85.62,45.0,74903.41,137.24,Female,1
38.37,32.0,55424.24,172.83,Female,0
68.18,42.0,34418.09,129.8,Male,1
43.6,35.0,42993.48,221.18,Male,1
71.84,39.0,48335.2,124.44,Female,1
43.49,27.0,39193.45,178.92,Male,0
41.73,31.0,39799.73,207.17,Female,0
51.87,60.0,51067.54,119.86,Female,1
39.36,44.0,66025.11,231.48,Male,0
40.47,27.0,36884.23,131.29,Male,0
63.89,45.0,74903.41,137.24,Male,1
60.23,44.0,73538.09,139.34,Male,0
44.96,33.0,55984.89,204.27,Male,1
66.12,49.0,39031.89,195.69,Male,1
55.6,54.0,61601.05,230.18,Male,0
55.6,35.0,42993.48,161.16,Male,0
67.56,28.0,71222.4,204.79,Female,0
38.37,36.0,29398.61,185.46,Female,0
55.6,35.0,42993.48,236.87,Male,0
86.06,35.0,51119.93,190.75,Male,1
55.6,39.0,42993.48,141.89,Male,0
55.6,35.0,66187.58,236.87,Female,0
51.24,36.0,61610.05,140.46,Female,1
75.55,32.0,55424.24,182.2,Female,0
43.49,37.0,58235.21,195.69,Male,0
40.04,34.0,60283.98,168.34,Female,1
34.78,26.0,63649.04,190.17,Male,1
80.3,52.0,33951.63,130.86,Male,1
37.87,38.0,50723.67,224.23,Female,0
84.98,24.0,70505.06,202.61,Male,0
64.75,36.0,76003.47,140.46,Female,1
45.48,32.0,55424.24,172.83,Male,0
70.29,32.0,31265.75,178.92,Male,0
59.22,32.0,55424.24,178.92,Male,0
52.67,31.0,61840.26,207.17,Male,0
37.0,30.0,58677.69,140.15,Male,1
89.05,50.0,57868.44,123.13,Female,1
65.59,39.0,37334.78,221.79,Male,0
83.97,25.0,25686.34,234.26,Male,0
68.01,53.0,40182.84,176.98,Female,1
56.16,29.0,53431.35,123.51,Female,0
51.24,39.0,38067.08,124.44,Female,1
51.87,46.0,66291.67,218.61,Male,1
55.6,32.0,55424.24,172.83,Male,0
80.3,49.0,39031.89,113.8,Female,1
41.73,28.0,57739.03,217.37,Male,0
83.71,23.0,25739.09,146.8,Female,1
51.3,38.0,51920.49,226.74,Female,0
42.04,37.0,68448.94,195.69,Male,0
56.16,33.0,61005.87,191.82,Female,0
89.05,25.0,50671.6,141.89,Male,0
44.96,22.0,58966.22,142.21,Female,0
41.73,28.0,56180.93,207.17,Male,0
43.49,27.0,36884.23,131.29,Female,0
46.61,34.0,57868.44,107.56,Female,1
73.72,39.0,37334.78,236.87,Female,1
68.01,33.0,58342.63,191.82,Male,1
73.21,31.0,59886.58,133.17,Male,0
65.77,34.0,59785.94,204.22,Female,0
81.32,49.0,39031.89,195.69,Male,1
80.3,49.0,45632.51,113.8,Female,1
47.74,33.0,58966.22,191.82,Male,0
81.58,25.0,50506.44,202.18,Female,0
76.64,31.0,56180.93,207.17,Female,0
55.6,32.0,55424.24,172.83,Male,0
48.03,40.0,40468.53,167.22,Female,1
65.65,24.0,57545.56,228.81,Female,0
56.3,28.0,59448.44,217.37,Male,0
61.22,25.0,63430.33,115.26,Male,0
70.29,31.0,61840.26,240.64,Male,0
42.39,31.0,58966.22,204.79,Female,0
55.6,24.0,52252.91,182.2,Female,0
46.14,34.0,40183.75,160.03,Male,1
48.03,40.0,63394.41,221.98,Female,1
39.3,24.0,52252.91,182.2,Female,1
55.6,54.0,38609.2,182.2,Female,0
88.12,38.0,71455.62,230.93,Female,1
51.87,46.0,33951.63,231.95,Male,1
55.6,35.0,53898.89,201.26,Male,1
64.75,25.0,50506.44,176.28,Female,0
73.89,31.0,27262.51,250.2,Female,1
66.18,23.0,61617.98,172.81,Male,0
55.6,24.0,52252.91,172.83,Male,0
70.39,54.0,73049.3,117.33,Male,1
63.45,39.0,67301.39,161.79,Male,0
40.04,34.0,20592.99,168.34,Female,0
56.39,36.0,44248.52,140.46,Male,1
44.15,31.0,61840.26,207.17,Male,0
54.43,39.0,48335.2,258.62,Female,1
46.61,44.0,57846.68,137.24,Female,1
51.87,35.0,73889.99,225.58,Female,0
83.71,44.0,57868.44,137.24,Female,1
71.28,54.0,53188.69,254.65,Male,1
56.39,29.0,42760.22,153.76,Female,1
43.84,32.0,55424.24,172.83,Female,0
65.56,33.0,53431.35,227.37,Female,0
50.19,32.0,55424.24,178.92,Male,0
81.58,25.0,50671.6,241.03,Male,0
43.49,28.0,67669.06,199.39,Male,0
46.61,50.0,57868.44,123.13,Female,1
82.07,22.0,14775.5,121.07,Female,0
65.59,39.0,48335.2,258.62,Female,1
54.88,44.0,53922.43,163.48,Female,1
80.3,29.0,42760.22,120.06,Female,1
84.76,40.0,40468.53,151.54,Female,1
79.52,41.0,64564.07,163.48,Male,1
37.87,43.0,73538.09,157.04,Female,1
41.73,31.0,61840.26,207.17,Male,0
59.59,48.0,53922.43,123.13,Female,1
65.59,39.0,39031.89,212.87,Male,1
62.42,40.0,27086.4,195.69,Male,1
48.86,36.0,76003.47,190.17,Female,1
80.3,47.0,45632.51,113.8,Female,1
82.07,43.0,58633.63,121.28,Female,1
71.03,28.0,53058.91,258.62,Female,1
82.79,51.0,41547.62,118.27,Male,0
59.36,37.0,37334.78,140.46,Female,0
59.51,30.0,57877.15,219.94,Female,0
69.88,34.0,40183.75,168.34,Female,0
65.77,42.0,59243.46,236.87,Female,1
72.23,40.0,66873.9,229.22,Male,0
56.39,46.0,33951.63,218.61,Male,1
42.04,27.0,36884.23,193.29,Female,0
76.81,28.0,67669.06,217.37,Male,0
66.08,33.0,41547.62,206.79,Male,0
47.48,29.0,61172.07,158.56,Female,0
37.87,44.0,57846.68,164.25,Female,0
76.87,31.0,56180.93,207.17,Female,0
82.07,22.0,63363.04,136.21,Female,0
50.63,39.0,37334.78,210.6,Male,1
51.24,36.0,70592.81,140.46,Female,0
43.49,37.0,23936.86,109.29,Male,0
74.54,50.0,57868.44,123.13,Female,1
45.01,30.0,74903.41,144.27,Male,0
41.73,28.0,53058.91,182.65,Female,0
59.59,34.0,59785.94,107.56,Female,1
59.59,34.0,59785.94,168.34,Female,0
65.65,36.0,59240.24,140.46,Female,0
65.59,37.0,37334.78,173.43,Male,1
81.22,41.0,57846.68,126.39,Female,1
62.26,29.0,72203.96,216.49,Female,0
52.68,39.0,42993.48,109.29,Male,1
81.59,45.0,45716.48,174.88,Female,1
60.23,50.0,43974.49,123.13,Female,1
83.4,34.0,59785.94,160.03,Female,0
78.84,35.0,56113.37,236.87,Female,0
84.98,24.0,64698.58,178.92,Male,0
81.75,35.0,25603.93,236.87,Female,1
75.55,40.0,73882.91,139.02,Male,0
60.39,36.0,29398.61,140.46,Female,1
78.64,31.0,61840.26,240.64,Male,0
60.23,43.0,56770.79,163.48,Female,1
74.54,42.0,58953.01,236.87,Female,1
51.87,37.0,62772.42,109.29,Male,1
80.67,26.0,51463.17,259.76,Female,0
44.4,53.0,57877.15,201.58,Male,1
39.96,45.0,57739.03,123.8,Male,0
42.04,39.0,52520.75,225.23,Female,0
36.08,38.0,51920.49,251.0,Female,0
81.58,41.0,48335.2,126.39,Female,1
60.53,34.0,59785.94,160.03,Female,0
80.3,28.0,53058.91,180.88,Female,1
68.88,42.0,66176.97,238.58,Female,1
66.12,49.0,54251.78,195.69,Male,0
59.05,50.0,43974.49,123.13,Female,1
35.61,35.0,25603.93,236.87,Female,0
40.04,23.0,46422.76,211.38,Male,0
55.6,35.0,42993.48,221.18,Male,0
86.06,32.0,55424.24,178.92,Male,0
55.6,20.0,38609.2,167.22,Female,0
82.07,43.0,67058.72,121.28,Female,0
71.84,39.0,31281.01,207.17,Male,0
57.24,42.0,60514.05,243.61,Male,1
43.49,37.0,51691.55,217.37,Female,1
56.39,46.0,54286.1,191.82,Male,0
41.73,28.0,55121.65,217.37,Male,0
81.75,38.0,34191.23,168.34,Female,0
56.39,29.0,72203.96,198.5,Male,0
51.24,36.0,76003.47,140.46,Female,0
65.77,23.0,60514.05,172.81,Female,0
47.74,51.0,74535.94,111.94,Male,1
59.51,54.0,48867.36,136.64,Female,1
40.47,35.0,69285.69,236.87,Female,0
51.24,36.0,29398.61,140.46,Female,1
65.59,39.0,59677.64,212.87,Male,0
69.62,34.0,59785.94,160.03,Male,0
71.84,39.0,72154.68,124.44,Female,0
56.3,37.0,62772.42,109.29,Male,0
46.61,44.0,64011.26,176.98,Female,1
83.71,26.0,50628.31,126.39,Male,0
59.05,48.0,52736.33,123.13,Male,1
76.87,31.0,56180.93,207.17,Female,0
84.73,43.0,60575.99,136.4,Female,1
44.33,39.0,38067.08,124.44,Female,0
47.53,32.0,42995.8,182.2,Female,1
67.56,28.0,71222.4,139.01,Female,0
59.51,29.0,51868.85,167.22,Female,0
41.73,28.0,59677.64,207.17,Male,0
40.42,45.0,59610.81,138.71,Male,1
65.77,23.0,25739.09,146.8,Female,1
81.98,34.0,59785.94,133.42,Female,0
83.67,44.0,64564.07,140.95,Male,1
82.79,39.0,65953.76,143.79,Male,1
66.49,34.0,59785.94,168.34,Female,1
70.39,27.0,60968.62,168.92,Male,0
81.98,51.0,74535.94,162.03,Female,0
61.22,28.0,71222.4,217.37,Female,0
83.4,34.0,34191.23,227.53,Female,0
59.59,48.0,43974.49,212.38,Male,1
64.24,36.0,59240.24,140.46,Female,0
59.05,31.0,67307.43,217.37,Male,1
61.09,26.0,51463.17,202.18,Female,0
89.05,42.0,57868.44,114.69,Male,1
79.54,26.0,35521.88,131.68,Male,0
73.72,35.0,73889.99,167.42,Female,0
68.01,33.0,64147.86,204.27,Male,1
85.56,45.0,67575.12,174.88,Female,1
80.3,29.0,69718.19,153.76,Female,0
45.48,32.0,57691.95,178.92,Male,0
80.31,31.0,67575.12,174.88,Female,1
79.52,44.0,48335.2,137.24,Female,1
36.37,26.0,46033.73,198.45,Male,0
34.78,27.0,31281.01,158.81,Male,0
51.56,52.0,73049.3,229.99,Male,1
85.01,52.0,58966.22,163.0,Male,1
85.26,32.0,55424.24,172.83,Female,0
51.24,36.0,76003.47,140.46,Female,1
80.3,37.0,68448.94,158.56,Female,1
34.78,36.0,32549.95,115.26,Male,1
83.71,42.0,57868.44,243.61,Male,1
41.73,28.0,44174.25,207.17,Female,0
42.39,41.0,57846.68,137.24,Female,1
41.73,28.0,52011.0,207.17,Female,0
46.61,45.0,74903.41,174.88,Female,1
89.05,50.0,57868.44,163.48,Male,1
47.48,27.0,69646.35,193.29,Female,0
84.73,42.0,60637.62,243.61,Male,1
46.14,37.0,53058.91,217.37,Female,1
49.21,30.0,54324.73,140.15,Female,1
59.22,37.0,39031.89,109.29,Male,1
39.36,42.0,58151.87,129.8,Male,0
56.16,27.0,50666.5,239.32,Female,1
75.42,35.0,42696.67,140.15,Male,1
52.84,23.0,13996.5,172.81,Male,1
82.07,22.0,31215.88,136.21,Female,0
56.3,37.0,53058.91,230.52,Female,0
64.75,27.0,38067.08,190.17,Female,1
56.3,24.0,52252.91,182.2,Female,0
63.89,25.0,78119.5,220.48,Female,0
41.73,28.0,61840.26,228.78,Male,0
59.59,55.0,62784.85,187.76,Male,1
69.15,27.0,14548.06,239.32,Female,0
80.47,22.0,14775.5,184.94,Female,0
85.35,41.0,57846.68,144.77,Male,1
66.08,22.0,73882.91,133.2,Female,0
82.07,38.0,70582.55,122.04,Male,1
70.09,43.0,52563.22,121.28,Female,1
59.59,50.0,43974.49,123.13,Female,1
88.04,41.0,57846.68,131.72,Female,1
89.05,44.0,60192.72,109.07,Male,1
65.59,54.0,67132.46,217.37,Female,1
66.12,39.0,38067.08,217.37,Female,0
78.84,36.0,66269.49,176.7,Female,0
78.96,40.0,66873.9,195.69,Male,0
71.84,39.0,38067.08,124.44,Female,0
73.1,26.0,51463.17,131.68,Female,0
59.51,30.0,58677.69,140.15,Female,0
79.52,45.0,45716.48,124.67,Female,0
69.62,34.0,34191.23,160.03,Male,0
70.58,27.0,39193.45,193.29,Male,1
76.27,45.0,31092.93,158.42,Male,1
76.2,33.0,61005.87,162.03,Female,0
42.04,29.0,53431.35,208.05,Female,1
73.72,32.0,55424.24,172.83,Male,1
40.01,38.0,57868.44,170.13,Male,1
76.56,34.0,34191.23,187.09,Female,0
65.77,23.0,59243.46,223.93,Male,0
43.49,37.0,23936.86,109.29,Male,0
80.47,38.0,57868.44,206.98,Male,1
78.64,31.0,57739.03,154.74,Male,0
66.26,28.0,38067.08,180.47,Female,0
54.47,35.0,73889.99,226.54,Male,0
89.05,34.0,43974.49,191.14,Male,1
71.84,31.0,56180.93,124.44,Female,0
81.75,52.0,33951.63,186.37,Female,1
56.39,46.0,64021.55,229.12,Female,1
89.05,42.0,57868.44,188.56,Male,1
76.58,43.0,56770.79,157.04,Female,1
42.6,31.0,59677.64,207.17,Male,0
65.77,28.0,71222.4,217.37,Female,0
55.6,54.0,58677.69,254.65,Female,1
48.09,26.0,70203.74,131.68,Female,0
85.01,29.0,73910.9,136.18,Male,0
65.77,34.0,59785.94,168.34,Female,0
40.47,35.0,42993.48,158.29,Male,0
46.61,26.0,67575.12,214.38,Male,1
43.49,37.0,53058.91,258.62,Female,0
80.3,49.0,39031.89,195.69,Male,1
85.61,23.0,61617.98,211.38,Male,1
65.77,34.0,40183.75,160.03,Male,1
51.56,45.0,74903.41,124.67,Female,1
51.24,36.0,76003.47,140.46,Female,1
55.6,30.0,58677.69,140.15,Male,1
65.59,31.0,56180.93,143.04,Female,1
82.07,43.0,52563.22,121.28,Female,1
72.23,41.0,57846.68,241.8,Female,1
51.87,40.0,69646.35,136.18,Male,0
51.56,27.0,36884.23,115.26,Male,0
74.54,42.0,43241.19,238.58,Female,1
37.0,30.0,57877.15,202.61,Male,0
46.61,45.0,31092.93,234.26,Male,1
37.87,38.0,51920.49,251.0,Female,0
60.23,43.0,73538.09,167.86,Male,1
39.96,26.0,63430.33,259.76,Female,0
36.37,36.0,29398.61,109.07,Male,0
59.59,48.0,52736.33,201.15,Male,1
35.61,27.0,47575.44,214.42,Female,0
37.87,43.0,73538.09,167.86,Male,1
50.19,32.0,38609.2,172.83,Male,0
73.72,52.0,64021.55,186.37,Male,1
74.54,44.0,57260.41,250.2,Female,0
89.05,48.0,34418.09,187.76,Male,1
56.39,19.0,33951.63,229.12,Male,0
50.63,35.0,73889.99,109.29,Male,0
80.3,49.0,45632.51,113.8,Female,1
36.73,31.0,56180.93,207.17,Female,0
81.22,33.0,60953.93,120.75,Female,0
54.39,34.0,40763.13,168.34,Male,1
88.04,38.0,51920.49,145.96,Female,0
46.61,33.0,43974.49,159.77,Female,1
60.23,43.0,73538.09,167.86,Male,1
49.21,45.0,31092.93,138.71,Male,1
81.98,33.0,55984.89,178.69,Male,0
53.92,28.0,47314.45,120.49,Male,0
55.6,24.0,52252.91,182.2,Male,1
54.88,29.0,69646.35,200.71,Female,0
60.53,33.0,68094.85,162.03,Female,0
60.23,44.0,51119.93,139.34,Male,0
80.3,37.0,39031.89,205.84,Male,1
75.55,36.0,76003.47,124.44,Female,1
80.99,26.0,68030.18,150.83,Male,0
89.05,34.0,59785.94,160.03,Male,1
52.84,42.0,43241.19,238.58,Female,1
73.89,39.0,43778.88,124.44,Female,1
51.24,36.0,59240.24,140.46,Female,1
80.3,52.0,33951.63,229.12,Male,1
82.07,43.0,32635.7,198.45,Male,1
81.98,34.0,34191.23,160.03,Male,0
35.61,39.0,19991.72,236.87,Female,0
59.59,33.0,43974.49,196.77,Female,1
75.74,25.0,60843.32,140.46,Female,0
51.3,45.0,59610.81,137.24,Male,1
62.06,32.0,69481.85,221.21,Female,1
78.7,32.0,55424.24,172.83,Female,1
41.73,28.0,67669.06,212.87,Female,0
56.39,46.0,58966.22,191.82,Female,0
72.23,51.0,74535.94,254.59,Female,1
80.3,40.0,59593.56,195.69,Male,1
68.88,42.0,60514.05,238.58,Female,1
46.61,45.0,66574.0,174.88,Female,1
69.62,34.0,20592.99,160.03,Male,0
58.95,40.0,72203.96,244.91,Male,0
71.84,39.0,37334.78,190.75,Male,0
55.6,24.0,52252.91,182.2,Female,1
80.3,46.0,33951.63,231.95,Male,1
41.73,28.0,71222.4,139.01,Female,0
80.3,37.0,23936.86,253.17,Female,0
59.51,32.0,38609.2,172.83,Female,0
49.42,41.0,39799.73,167.22,Female,0
40.04,34.0,40183.75,168.34,Male,0
38.37,24.0,52252.91,182.2,Female,1
89.0,32.0,18368.57,115.6,Male,1
79.54,44.0,34191.13,137.24,Female,1
59.05,44.0,57846.68,137.24,Female,1
49.21,46.0,58966.22,130.86,Male,1
52.84,42.0,57868.44,188.56,Male,1
51.24,36.0,32549.95,115.26,Male,0
55.92,34.0,59785.94,160.03,Female,1
56.39,52.0,58966.22,229.12,Female,1
36.08,26.0,70203.74,222.35,Female,0
56.39,40.0,73882.91,221.98,Male,1
61.84,26.0,70203.74,166.86,Female,0
61.84,26.0,56694.12,190.17,Female,1
47.64,38.0,60283.98,168.34,Female,1
74.32,22.0,63363.04,139.34,Male,0
75.42,30.0,57877.15,201.58,Female,0
66.79,40.0,66873.9,136.18,Male,1
38.1,34.0,34191.23,203.44,Female,1
80.51,48.0,62784.85,212.38,Male,1
59.59,48.0,52736.33,157.04,Female,1
41.73,31.0,56180.93,207.17,Female,0
60.53,48.0,34418.09,123.13,Male,1
55.6,35.0,25603.93,236.87,Female,0
41.73,23.0,58151.87,217.37,Female,0
49.21,30.0,57877.15,201.58,Female,0
41.73,28.0,39799.73,217.37,Male,0
76.2,23.0,55121.65,236.87,Female,0
70.44,34.0,59785.94,160.03,Female,0
62.26,32.0,69481.85,178.92,Male,1
68.01,33.0,49101.67,191.82,Male,0
80.47,33.0,55642.32,188.56,Male,0
55.6,39.0,56180.93,212.87,Female,0
38.37,36.0,76003.47,115.26,Male,1
55.6,54.0,48867.36,182.2,Female,1
65.59,47.0,39031.89,195.69,Male,1
80.3,52.0,27241.11,117.75,Male,1
43.49,37.0,23936.86,109.29,Male,0
51.87,37.0,62772.42,221.18,Male,0
82.07,22.0,72553.94,133.2,Female,1
49.21,27.0,36884.23,131.29,Male,0
55.6,35.0,42993.48,161.16,Female,1
79.54,41.0,48335.2,137.24,Female,1
82.07,22.0,63363.04,121.07,Female,0
40.04,23.0,61617.98,172.81,Female,0
82.07,22.0,31215.88,128.16,Female,1
61.22,31.0,57739.03,240.64,Male,0
75.42,26.0,51119.93,228.78,Male,1
69.15,36.0,76003.47,140.46,Female,1
54.37,25.0,50506.44,241.03,Female,0
48.86,40.0,48867.67,117.3,Male,1
80.31,31.0,56180.93,207.17,Female,0
55.6,35.0,73889.99,236.87,Female,0
81.75,33.0,41547.62,215.18,Male,0
52.68,32.0,55424.24,178.92,Male,0
69.62,34.0,59785.94,160.03,Male,0
80.31,28.0,71222.4,217.37,Female,0
84.73,26.0,39840.55,176.98,Female,1
37.87,41.0,64828.0,126.39,Male,1
51.87,29.0,69646.35,200.71,Female,0
54.88,50.0,65704.79,122.31,Female,0
46.61,45.0,67575.12,174.88,Female,1
51.24,36.0,70592.81,140.46,Female,0
51.87,60.0,69646.35,193.29,Female,1
56.64,25.0,50506.44,233.85,Female,0
43.49,39.0,39193.45,171.07,Male,0
40.04,23.0,56637.59,172.81,Female,0
57.24,43.0,73538.09,198.45,Male,1
55.6,54.0,62729.4,182.2,Male,0
66.0,36.0,70592.81,115.26,Male,0
86.63,49.0,56729.78,113.8,Female,1
69.62,34.0,59785.94,231.94,Male,0
65.59,39.0,59677.64,124.44,Female,0
56.39,46.0,40468.53,200.71,Female,1
60.7,52.0,33951.63,124.54,Female,1
51.24,36.0,61610.05,140.46,Female,0
73.89,31.0,40182.84,207.17,Female,0
40.04,34.0,34191.23,160.03,Male,1
83.71,26.0,56694.12,131.68,Female,1
53.92,28.0,67301.39,120.49,Male,0
88.04,38.0,70582.55,206.98,Male,0
72.8,33.0,60953.93,215.18,Male,0
61.22,45.0,59886.58,124.67,Female,1
88.12,45.0,32635.7,158.42,Male,1
40.47,40.0,40468.53,136.94,Female,1
80.67,26.0,39132.64,131.68,Male,0
73.72,32.0,55424.24,172.83,Female,1
38.37,54.0,53188.69,240.63,Female,1
84.71,25.0,50671.6,241.03,Male,0
51.24,26.0,46033.73,207.17,Female,0
66.08,29.0,69646.35,178.69,Male,0
73.89,28.0,70324.8,217.37,Female,0
51.87,49.0,39031.89,195.69,Male,1
51.24,32.0,55424.24,172.83,Male,0
41.73,28.0,61840.26,217.37,Male,0
89.05,36.0,32549.95,109.07,Male,1
60.23,43.0,53922.43,163.48,Female,1
49.21,30.0,57877.15,240.95,Female,0
80.55,29.0,66504.16,153.76,Female,1
46.14,34.0,34191.23,168.34,Male,1
89.0,40.0,60968.62,132.63,Male,0
65.77,34.0,34191.23,168.34,Male,1
70.03,31.0,56180.93,207.17,Female,0
37.87,49.0,50723.67,187.76,Female,1
82.07,38.0,51920.49,120.63,Female,1
40.17,45.0,59886.58,124.67,Female,1
68.01,33.0,56782.18,223.03,Female,1
49.21,29.0,69718.19,131.76,Male,0
65.07,34.0,59785.94,160.03,Female,0
51.87,40.0,66873.9,132.63,Male,0
74.59,42.0,66176.97,118.45,Female,1
82.79,35.0,25603.93,236.87,Female,1
60.83,32.0,70505.06,172.83,Female,1
84.76,36.0,29398.61,140.46,Female,0
62.14,31.0,28271.84,236.87,Female,0
80.3,40.0,61230.03,225.58,Female,0
56.39,29.0,69646.35,167.22,Female,0
59.22,40.0,73882.91,133.2,Male,0
44.78,38.0,57868.44,130.83,Male,1
65.77,23.0,25739.09,172.81,Female,1
51.56,27.0,39193.45,115.26,Male,1
80.03,44.0,39840.55,220.48,Female,1
42.04,37.0,53058.91,181.02,Female,0
69.88,34.0,34191.23,160.03,Male,1
73.72,36.0,32549.95,115.26,Male,1
65.59,37.0,59448.44,173.43,Male,1
42.04,37.0,23936.86,195.69,Male,1
35.61,37.0,66187.58,140.15,Female,1
65.59,31.0,59677.64,207.17,Male,0
67.69,40.0,41232.89,120.06,Female,1
60.53,26.0,63363.04,131.68,Female,0
45.01,45.0,59610.81,212.67,Female,0
89.05,43.0,57868.44,121.28,Female,1
61.22,45.0,59886.58,174.88,Female,1
86.06,32.0,53188.69,178.92,Male,1
42.04,37.0,67132.46,217.37,Female,0
43.49,39.0,65953.76,129.23,Male,0
66.08,33.0,58966.22,110.66,Male,0
83.71,38.0,70582.55,130.83,Male,1
52.84,42.0,60514.05,238.58,Female,1
80.47,38.0,57868.44,130.83,Male,1
81.32,23.0,61617.98,172.81,Male,1
81.75,49.0,40763.13,168.34,Female,0
36.31,31.0,61840.26,207.17,Male,0
79.54,41.0,57846.68,126.39,Male,1
54.97,29.0,53431.35,158.56,Female,1
80.31,31.0,39799.73,207.17,Female,0
60.53,22.0,56683.32,133.2,Female,0
51.56,27.0,36884.23,131.29,Male,0
54.39,41.0,50628.31,158.42,Male,1
55.6,35.0,19991.72,236.87,Female,1
78.37,50.0,43974.49,123.13,Female,1
71.03,28.0,53058.91,258.62,Female,1
86.06,32.0,55424.24,178.92,Male,0
79.81,42.0,62161.26,120.75,Female,0
61.22,25.0,50506.44,132.08,Male,0
60.23,43.0,32635.7,163.48,Male,1
89.05,38.0,57868.44,170.13,Female,1
82.07,35.0,57846.68,259.76,Female,0
59.05,22.0,61009.1,121.07,Female,0
55.6,31.0,51739.63,140.46,Female,0
40.01,26.0,66291.67,190.17,Female,1
56.64,38.0,60953.93,122.04,Female,0
60.39,36.0,76003.47,140.46,Female,0
80.31,31.0,27262.51,207.17,Female,0
37.0,30.0,57877.15,244.91,Female,0
50.43,52.0,33951.63,117.75,Male,0
39.76,23.0,61617.98,211.38,Male,0
51.87,29.0,58235.21,216.49,Male,0
56.39,29.0,69646.35,200.71,Female,0
68.01,33.0,56782.18,227.37,Male,1
74.54,43.0,73538.09,163.48,Male,1
43.49,28.0,58996.12,212.87,Male,0
43.49,37.0,53058.91,217.37,Female,0
59.51,40.0,62669.59,122.59,Female,0
60.72,42.0,43241.19,238.58,Female,1
46.61,40.0,62669.59,117.3,Male,1
50.19,36.0,32549.95,109.07,Male,0
56.39,54.0,60938.73,218.61,Male,1
47.74,51.0,57868.44,111.94,Male,1
82.07,22.0,67058.72,121.07,Female,0
68.88,42.0,59243.46,236.87,Female,1
89.05,49.0,57868.44,187.76,Male,1
55.6,24.0,52252.91,178.92,Male,0
38.37,36.0,32549.95,221.98,Male,1
70.09,45.0,59610.81,227.73,Female,1
68.11,26.0,53549.94,131.68,Male,0
36.08,38.0,45593.93,154.75,Female,1
72.55,39.0,52520.75,124.44,Female,0
59.05,33.0,43974.49,196.77,Female,1
83.67,44.0,57846.68,137.24,Female,1
49.21,27.0,66815.54,239.32,Female,0
59.22,40.0,66873.9,167.22,Male,0
33.33,45.0,67575.12,174.88,Female,1
79.54,41.0,50628.31,126.39,Male,1
74.63,39.0,74623.27,204.79,Female,0
40.34,31.0,28271.84,207.17,Female,0
51.24,36.0,50628.31,141.52,Male,1
55.6,31.0,52520.75,212.87,Female,0
35.61,27.0,56180.93,239.32,Female,0
84.73,30.0,50671.6,109.07,Male,1
80.3,49.0,39031.89,195.69,Male,1
51.87,40.0,51067.54,258.62,Female,1
55.92,34.0,59785.94,160.03,Female,0
36.08,45.0,66263.37,236.87,Female,0
55.6,35.0,25603.93,236.87,Female,0
61.22,36.0,51739.63,141.89,Male,0
55.6,35.0,73889.99,221.18,Male,0
81.75,33.0,58966.22,191.82,Male,0
88.12,41.0,50628.31,144.77,Male,0
47.48,29.0,53431.35,196.61,Female,0
75.24,25.0,50506.44,241.03,Female,0
69.15,29.0,56113.37,112.72,Female,0
46.61,44.0,48335.2,163.48,Female,1
64.75,31.0,56180.93,207.17,Female,0
54.88,51.0,74535.94,120.37,Female,1
78.36,34.0,34191.23,203.84,Male,0
40.04,23.0,61617.98,172.81,Female,0
70.29,31.0,52178.98,207.17,Male,0
50.63,39.0,19991.72,236.87,Female,0
86.06,35.0,54429.17,119.2,Male,1
41.73,23.0,47258.59,158.35,Female,1
42.04,49.0,39031.89,195.69,Male,1
51.87,35.0,73889.99,225.58,Male,0
53.92,49.0,39031.89,195.69,Male,1
71.84,54.0,53188.69,161.16,Male,1
86.06,32.0,55424.24,178.92,Male,0
83.71,38.0,57868.44,130.83,Male,1
39.76,34.0,59785.94,160.03,Female,0
45.48,24.0,52252.91,182.2,Female,0
68.18,28.0,71222.4,217.37,Female,0
55.6,31.0,56180.93,171.23,Female,0
78.7,33.0,49101.67,246.44,Male,1
50.08,29.0,69646.35,208.05,Female,0
67.85,28.0,27508.41,120.49,Male,0
69.88,33.0,59785.94,168.34,Female,1
41.73,28.0,67301.39,120.49,Female,0
36.08,45.0,59610.81,138.71,Male,1
65.77,28.0,71222.4,139.01,Female,0
42.04,29.0,49850.52,216.49,Female,0
51.24,36.0,29398.61,140.46,Female,1
56.39,46.0,58966.22,231.95,Male,1
80.47,38.0,70582.55,122.04,Male,1
71.84,39.0,58287.86,234.26,Male,0
74.63,45.0,39132.64,150.8,Female,0
49.21,46.0,41097.17,119.93,Female,1
86.06,30.0,57877.15,244.91,Male,0
40.04,21.0,41521.28,187.76,Male,1
60.23,21.0,57014.84,157.04,Male,0
78.36,50.0,43974.49,123.13,Female,1
79.54,38.0,50723.67,224.23,Female,1
70.03,26.0,63430.33,203.84,Male,0
40.42,25.0,50671.6,241.03,Male,0
50.19,36.0,29398.61,140.46,Male,0
40.47,35.0,54875.95,106.86,Female,0
76.77,36.0,76003.47,140.46,Female,1
60.53,46.0,64021.55,229.12,Female,1
51.87,19.0,51067.54,195.69,Male,1
37.87,43.0,57868.44,122.31,Female,1
59.59,34.0,59785.94,160.03,Female,0
51.24,36.0,38067.08,140.46,Female,1
40.04,38.0,71455.62,146.8,Female,1
70.96,31.0,51739.63,214.06,Female,0
65.59,39.0,65953.76,251.08,Male,0
80.3,49.0,45632.51,113.8,Female,1
42.04,49.0,39031.89,195.69,Male,1
57.24,33.0,41547.62,204.02,Male,0
49.21,27.0,66815.54,190.17,Female,1
46.61,34.0,43974.49,196.77,Female,1
74.54,42.0,60514.05,238.58,Female,1
77.22,31.0,75044.35,207.17,Female,0
41.73,42.0,51501.38,199.43,Male,1
82.07,22.0,67058.72,121.07,Female,0
83.71,38.0,57868.44,130.83,Male,1
51.24,36.0,76003.47,141.52,Female,1
37.0,32.0,69481.85,182.2,Female,1
57.99,49.0,45632.51,168.34,Female,1
84.29,42.0,66176.97,133.42,Female,0
59.22,35.0,51119.93,203.9,Male,1
82.07,22.0,67058.72,136.21,Female,0
80.99,26.0,44248.52,221.98,Male,0
66.12,49.0,45632.51,168.34,Female,1
84.59,28.0,55121.65,217.37,Female,0
55.6,24.0,52252.91,182.2,Female,0
89.71,36.0,76003.47,140.46,Female,1
40.47,35.0,42993.48,221.18,Male,0
46.61,50.0,57868.44,123.13,Female,1
56.39,46.0,33951.63,231.95,Male,1
81.58,25.0,50671.6,241.03,Male,0
34.66,27.0,59886.58,190.17,Male,0
55.6,28.0,59448.44,217.37,Female,0
35.61,30.0,54324.73,140.15,Female,1
44.78,38.0,71455.62,154.75,Female,1
82.07,22.0,31215.88,121.07,Female,0
37.87,26.0,64828.0,131.68,Female,1
80.47,43.0,53922.43,121.28,Female,1
66.08,33.0,73941.91,235.94,Female,0
60.23,43.0,73538.09,157.04,Male,1
60.72,23.0,46422.76,172.81,Male,0
49.21,27.0,60812.77,165.62,Male,1
60.23,33.0,72325.91,112.72,Male,1
80.51,45.0,27241.11,137.24,Male,1
89.0,43.0,57868.44,167.86,Male,1
51.24,36.0,61610.05,140.46,Female,1
49.21,52.0,49101.67,130.86,Female,1
56.39,46.0,33951.63,231.95,Male,1
56.39,52.0,58966.22,130.86,Female,1
81.21,40.0,59593.56,231.95,Male,0
80.3,49.0,45632.51,113.8,Female,1
46.31,31.0,61840.26,207.17,Male,0
40.04,34.0,59785.94,160.03,Female,0
51.3,43.0,55642.32,121.28,Male,1
55.6,39.0,61601.05,132.63,Male,0
80.51,55.0,57014.84,187.76,Male,1
86.06,32.0,55424.24,172.83,Male,0
59.88,31.0,75044.35,236.87,Female,0
51.87,60.0,59448.44,123.86,Female,0
82.07,41.0,57846.68,187.76,Female,1
78.79,36.0,32549.95,115.26,Male,1
41.73,28.0,61840.26,207.17,Male,0
65.77,34.0,59785.94,160.03,Female,1
68.01,46.0,40468.53,229.12,Female,1
40.01,44.0,57846.68,227.63,Female,1
70.39,35.0,36884.23,150.99,Male,0
65.77,23.0,50723.67,211.38,Male,1
75.55,24.0,52252.91,182.2,Female,1
54.88,22.0,51257.26,180.47,Female,0
80.3,49.0,45632.51,113.8,Female,1
71.33,36.0,38067.08,141.52,Female,1
66.08,22.0,67058.72,121.07,Female,0
49.21,27.0,36884.23,158.81,Female,0
82.07,22.0,31215.88,121.07,Female,0
59.51,40.0,40468.53,140.46,Female,1
34.86,30.0,57877.15,113.69,Male,0
82.07,41.0,57846.68,259.76,Female,1
56.39,60.0,69646.35,218.61,Female,1
55.6,35.0,42993.48,221.18,Male,1
55.6,29.0,53673.08,208.05,Female,0
82.07,48.0,65956.71,212.38,Female,1
54.39,34.0,59785.94,160.03,Male,1
53.92,49.0,39031.89,195.69,Male,1
70.92,35.0,73889.99,236.87,Female,0
40.17,26.0,46033.73,164.25,Male,0
60.23,43.0,60575.99,198.45,Male,1
65.59,39.0,50628.31,165.52,Male,0
76.27,38.0,56782.18,120.06,Female,1
72.97,26.0,31265.75,228.78,Male,0
60.23,43.0,60575.99,198.45,Male,1
36.56,29.0,68357.96,153.76,Female,1
84.59,28.0,71222.4,217.37,Female,0
84.88,29.0,72203.96,216.49,Male,0
65.77,26.0,46033.73,180.47,Female,1
70.39,27.0,36884.23,168.92,Male,0
46.61,48.0,57868.44,123.13,Female,1
59.05,50.0,43974.49,123.13,Male,1
54.43,39.0,23936.86,128.62,Female,1
35.61,35.0,39840.55,236.87,Female,0
54.08,36.0,32549.95,115.26,Male,0
41.73,31.0,56180.93,207.17,Male,0
80.3,49.0,39031.89,195.69,Male,1
51.87,29.0,64267.88,153.76,Female,1
81.75,33.0,61005.87,204.02,Male,0
52.84,42.0,60514.05,146.8,Female,1
55.6,24.0,55041.6,178.92,Male,0
79.54,25.0,50506.44,241.03,Male,0
44.4,32.0,69481.85,178.92,Male,1
82.07,48.0,57868.44,123.13,Female,1
87.35,26.0,53336.76,131.68,Female,0
40.47,29.0,57260.41,120.06,Female,1
59.59,50.0,43974.49,123.13,Female,1
51.24,36.0,29398.61,124.44,Female,0
55.6,24.0,52252.91,182.2,Female,0
66.08,55.0,62784.85,201.15,Female,1
41.73,31.0,56180.93,207.17,Female,0
78.51,40.0,38067.08,117.3,Female,1
73.89,28.0,71222.4,139.01,Female,0
59.05,50.0,43974.49,123.13,Male,1
40.17,26.0,35521.88,228.78,Male,0
82.07,41.0,50628.31,126.39,Female,1
46.61,43.0,73538.09,167.86,Female,1
39.96,25.0,50671.6,241.03,Male,0
63.45,32.0,57691.95,178.92,Male,0
59.36,38.0,39031.89,195.69,Female,0
60.23,41.0,50628.31,126.39,Male,1
73.72,29.0,53431.35,217.1,Male,0
56.39,29.0,69646.35,198.5,Male,0
59.59,43.0,52563.22,157.04,Female,1
59.51,30.0,66265.34,167.22,Female,0
81.98,34.0,20592.99,160.03,Male,0
37.0,30.0,57877.15,172.83,Female,0
83.71,44.0,64564.07,187.76,Female,1
77.14,27.0,66815.54,178.35,Female,0
55.6,35.0,25603.93,236.87,Female,0
44.64,36.0,61610.05,140.46,Female,1
70.29,36.0,59886.58,115.26,Male,0
88.12,49.0,64564.07,187.76,Female,1
66.08,33.0,73941.91,215.18,Female,0
86.06,32.0,55424.24,178.92,Male,0
78.7,33.0,57868.44,178.75,Female,1
80.3,49.0,39031.89,195.69,Male,1
59.05,43.0,73538.09,198.45,Male,1
82.07,38.0,57868.44,206.98,Male,1
65.59,49.0,39031.89,195.69,Male,1
80.51,55.0,57014.84,187.76,Male,1
65.77,31.0,57739.03,228.78,Female,1
76.2,50.0,43974.49,159.77,Female,1
89.34,32.0,55424.24,172.83,Female,0
59.05,55.0,62784.85,187.76,Female,1
84.73,26.0,60575.99,198.3,Male,0
56.39,54.0,58966.22,218.61,Male,1
61.22,31.0,61840.26,207.17,Male,0
41.73,31.0,56180.93,207.17,Female,0
66.12,37.0,53058.91,208.24,Female,0
55.6,24.0,52252.91,182.2,Female,0
60.72,28.0,39799.73,217.37,Female,0
65.56,52.0,73941.91,229.12,Female,1
67.91,31.0,57739.03,207.17,Male,0
55.6,24.0,52252.91,182.2,Female,1
80.3,49.0,45632.51,168.34,Female,1
57.86,52.0,58966.22,117.75,Male,1
59.51,32.0,33293.78,233.04,Female,1
80.3,49.0,45632.51,113.8,Female,1
65.07,23.0,60514.05,146.8,Male,1
74.54,38.0,47510.42,170.13,Female,1
59.51,53.0,50671.6,135.31,Male,1
67.35,25.0,50506.44,204.79,Male,0
87.35,42.0,55121.65,236.87,Female,1
80.51,42.0,57868.44,199.43,Male,1
80.3,19.0,47708.42,195.69,Male,1
84.98,40.0,31265.75,198.45,Male,1
65.77,38.0,71455.62,226.74,Female,1
80.3,52.0,49101.67,186.37,Female,1
37.0,52.0,27241.11,178.92,Male,1
80.3,49.0,39031.89,195.69,Male,1
39.3,27.0,39193.45,167.86,Male,0
80.3,49.0,39031.89,195.69,Male,1
74.54,42.0,60514.05,238.58,Female,1
56.3,31.0,47968.32,207.17,Female,1
88.04,38.0,64564.07,206.98,Male,1
49.21,25.0,42251.59,241.03,Female,0
59.51,40.0,54286.1,167.22,Female,0
74.59,42.0,65816.38,243.61,Male,1
72.55,39.0,38067.08,124.44,Female,1
68.95,30.0,57877.15,244.91,Male,0
73.49,26.0,63363.04,131.68,Male,1
83.71,44.0,74180.05,218.22,Male,1
81.75,34.0,20592.99,160.03,Female,0
55.6,24.0,52252.91,182.2,Female,0
55.6,24.0,55942.04,172.83,Male,0
89.05,38.0,44174.25,163.48,Male,1
44.33,36.0,76003.47,140.46,Female,1
59.59,43.0,53922.43,157.04,Female,1
84.76,40.0,40468.53,167.22,Female,1
69.62,34.0,40183.75,160.03,Male,1
60.23,43.0,27241.11,198.45,Male,1
80.3,49.0,45632.51,113.8,Female,1
43.6,40.0,73889.99,221.18,Male,1
82.07,43.0,73538.09,187.76,Male,1
82.07,49.0,57868.44,187.76,Male,1
67.85,28.0,53058.91,258.62,Female,1
55.6,30.0,58677.69,140.15,Female,1
80.51,42.0,60309.58,199.43,Male,1
88.04,38.0,57868.44,170.13,Female,1
40.47,40.0,26130.93,111.94,Male,1
79.52,41.0,52011.0,140.46,Female,0
52.84,26.0,46033.73,186.98,Male,0
80.51,48.0,65956.71,225.02,Male,1
80.3,52.0,36752.24,157.04,Female,1
55.6,39.0,65953.76,159.46,Male,0
40.04,34.0,20592.99,160.03,Female,0
69.88,34.0,20592.99,168.34,Female,0
80.51,48.0,43974.49,159.77,Female,1
73.72,35.0,51662.24,236.87,Female,1
66.12,24.0,52252.91,176.7,Female,1
69.88,28.0,71222.4,217.37,Female,1
67.56,28.0,56180.93,221.94,Female,0
60.23,43.0,73538.09,167.86,Male,1
33.33,26.0,74903.41,131.68,Female,0
59.59,34.0,59785.94,212.38,Male,1
78.84,35.0,54429.17,236.87,Female,1
41.73,31.0,57739.03,207.17,Male,0
66.08,46.0,33951.63,191.82,Male,1
79.54,44.0,25603.93,227.63,Female,1
55.6,24.0,55041.6,172.83,Male,0
80.3,52.0,27241.11,117.75,Male,1
70.39,27.0,36884.23,131.29,Male,0
83.97,36.0,50628.31,109.07,Male,1
75.55,36.0,59240.24,140.46,Female,0
55.6,29.0,53431.35,158.56,Female,1
51.24,36.0,59240.24,144.27,Male,0
62.26,29.0,72203.96,216.49,Male,0
40.01,45.0,59886.58,138.71,Male,1
55.6,54.0,61228.96,161.16,Female,1
39.96,45.0,59886.58,174.88,Female,1
80.99,26.0,51463.17,131.68,Female,0
76.2,52.0,33951.63,117.75,Male,1
60.83,39.0,65953.76,141.89,Male,1
70.29,32.0,55424.24,178.92,Male,0
51.24,36.0,70592.81,115.26,Female,0
55.6,20.0,55942.04,178.92,Male,0
37.0,32.0,55424.24,219.94,Female,0
55.6,24.0,60283.98,182.2,Female,0
44.46,33.0,58966.22,133.2,Male,0
59.59,43.0,52563.22,176.98,Female,1
59.59,43.0,73538.09,157.04,Female,1
32.91,29.0,53431.35,158.56,Female,1
51.24,54.0,62729.4,161.16,Female,1
56.39,19.0,33951.63,171.07,Male,0
61.22,45.0,59886.58,174.88,Male,1
73.21,31.0,61840.26,207.17,Male,0
73.72,36.0,73882.91,140.46,Female,1
89.05,51.0,39616.0,120.75,Male,0
89.05,42.0,57868.44,238.58,Female,1
62.26,32.0,55424.24,178.92,Male,0
47.48,29.0,69718.19,225.58,Female,0
36.73,28.0,71222.4,217.37,Female,0
44.4,30.0,69428.73,123.51,Female,0
62.26,36.0,32549.95,141.52,Male,1
76.27,55.0,64021.55,229.12,Female,1
40.47,19.0,67132.46,181.02,Female,0
41.73,28.0,67669.06,217.37,Male,0
42.04,39.0,54286.1,216.49,Female,1
46.61,43.0,56770.79,122.31,Female,1
71.9,27.0,36884.23,234.75,Female,0
60.53,35.0,59457.52,156.54,Male,0
40.47,35.0,25603.93,214.33,Female,0
55.6,24.0,52252.91,182.2,Female,0
59.22,49.0,45632.51,113.8,Female,1
55.6,39.0,48335.2,140.46,Female,0
51.24,36.0,70185.06,140.46,Female,1
50.19,36.0,59240.24,178.92,Male,0
53.68,37.0,23936.86,140.15,Female,1
49.21,29.0,53431.35,233.04,Female,1
55.6,36.0,59240.24,255.61,Male,0
85.61,22.0,31215.88,157.04,Female,0
65.65,30.0,58677.69,140.67,Female,0
47.48,27.0,50666.5,202.18,Female,1
78.36,44.0,73538.09,139.34,Male,0
56.39,46.0,54286.1,193.29,Female,0
76.56,47.0,45632.51,168.34,Female,1
80.3,29.0,53431.35,129.88,Female,1
78.7,40.0,41232.89,194.62,Female,1
73.72,36.0,76003.47,140.46,Female,1
80.46,25.0,35521.88,115.26,Male,0
44.78,43.0,73538.09,121.28,Female,1
59.51,30.0,40182.84,228.81,Female,1
61.22,31.0,51739.63,212.87,Female,0
75.55,36.0,76003.47,140.46,Female,1
41.73,31.0,61840.26,207.17,Male,0
82.79,24.0,59144.02,147.75,Female,1
79.91,36.0,52079.18,115.26,Male,0
71.28,32.0,53188.69,178.92,Male,1
32.6,33.0,43974.49,196.77,Female,1
55.6,35.0,25603.93,236.87,Female,0
41.73,23.0,56457.01,172.81,Male,0
66.08,33.0,66980.27,123.13,Female,0
44.78,25.0,50506.44,241.03,Male,0
79.15,26.0,53336.76,131.68,Male,0
51.24,36.0,76003.47,140.46,Female,0
80.31,42.0,43241.19,143.13,Female,1
56.3,29.0,61172.07,216.49,Male,0
81.58,41.0,57846.68,187.76,Female,0
78.53,52.0,30487.48,196.61,Female,1
44.33,39.0,38067.08,124.44,Female,0
56.16,40.0,57330.43,117.3,Female,1
87.35,31.0,57739.03,207.17,Male,0
37.0,45.0,50671.6,138.71,Male,1
84.73,38.0,64564.07,227.63,Male,1
80.3,49.0,54251.78,195.69,Male,1
76.87,34.0,38067.08,168.34,Female,1
39.3,29.0,69718.19,196.61,Female,1
80.3,37.0,53058.91,217.37,Female,0
51.38,46.0,40468.53,193.29,Female,1
38.37,39.0,52011.0,124.44,Female,0
35.61,27.0,36884.23,239.32,Female,1
44.72,38.0,48098.86,122.04,Male,0
60.72,23.0,56725.47,217.37,Female,0
54.47,35.0,73889.99,225.58,Female,0
55.6,35.0,42993.48,221.18,Male,0
82.07,43.0,52563.22,121.28,Female,1
50.33,31.0,56180.93,124.44,Female,0
45.7,32.0,69481.85,178.92,Male,0
55.6,24.0,52252.91,178.92,Male,0
83.71,38.0,57868.44,137.24,Female,1
44.78,41.0,57846.68,255.57,Male,1
65.59,39.0,32549.95,212.87,Female,1
77.14,33.0,49101.67,125.27,Female,1
61.22,36.0,32549.95,115.26,Male,0
73.89,31.0,40182.84,207.17,Female,1
65.59,28.0,39031.89,111.59,Male,1
80.47,33.0,49101.67,120.75,Male,1
83.71,45.0,50671.6,138.71,Male,1
69.88,23.0,58677.69,217.37,Female,1
66.79,40.0,41232.89,195.69,Male,1
71.84,24.0,64698.58,182.2,Female,1
80.3,37.0,53058.91,128.17,Female,0
59.22,37.0,51067.54,217.37,Male,0
55.6,39.0,65953.76,209.91,Male,0
81.58,26.0,66574.0,149.79,Male,0
46.61,44.0,44174.25,122.31,Female,1
45.08,30.0,33293.78,140.46,Female,1
37.68,51.0,59886.58,176.98,Male,1
46.61,41.0,64828.0,120.63,Female,1
62.42,29.0,69646.35,190.12,Male,0
50.87,42.0,38641.2,120.75,Female,1
41.73,31.0,56180.93,191.17,Female,0
43.49,27.0,53309.61,151.94,Male,0
65.59,28.0,73207.15,258.62,Female,1
59.59,34.0,40183.75,243.61,Male,0
60.72,42.0,60514.05,133.42,Female,0
88.12,26.0,35521.88,207.53,Male,0
55.6,24.0,52252.91,182.2,Female,0
51.56,27.0,39193.45,171.07,Male,0
49.21,30.0,48918.55,140.46,Female,0
49.21,29.0,56113.37,115.6,Female,1
51.24,54.0,38609.2,182.2,Female,0
69.62,34.0,40183.75,168.34,Male,0
66.08,33.0,46868.53,113.12,Male,0
56.39,46.0,54286.1,193.29,Female,0
56.39,40.0,41232.89,167.22,Female,1
46.61,41.0,55121.65,126.39,Female,1
51.24,36.0,61610.05,140.46,Female,1
51.24,54.0,31523.09,240.63,Female,1
55.6,35.0,73889.99,221.18,Male,0
68.01,40.0,41232.89,188.56,Female,1
46.61,21.0,60575.99,139.34,Male,1
62.42,52.0,33951.63,186.37,Male,1
73.1,26.0,53336.76,131.68,Female,0
38.35,39.0,37334.78,143.79,Male,1
79.52,31.0,50506.44,184.88,Female,0
71.14,40.0,73882.91,198.45,Male,0
86.06,35.0,73889.99,158.29,Male,0
82.07,48.0,52736.33,212.38,Male,1
55.6,35.0,73889.99,236.87,Female,0
42.6,31.0,58235.21,207.17,Male,0
60.83,39.0,38067.08,124.44,Female,1
56.39,54.0,71157.05,184.94,Male,1
68.18,37.0,75180.2,217.37,Female,0
71.28,54.0,53188.69,161.16,Male,1
55.6,24.0,52252.91,182.2,Female,0
89.05,38.0,64564.07,187.76,Male,1
69.62,34.0,59785.94,168.34,Female,0
78.36,33.0,56782.18,135.67,Female,0
55.6,24.0,52252.91,167.22,Female,0
71.84,23.0,55121.65,180.47,Male,0
83.16,45.0,59886.58,174.88,Female,1
80.46,25.0,35521.88,245.89,Male,0
75.03,44.0,56637.59,172.81,Female,1
76.2,19.0,47708.42,168.34,Female,0
60.72,23.0,55121.65,172.81,Female,0
70.39,36.0,32549.95,141.52,Male,1
43.49,37.0,58235.21,193.29,Male,0
70.44,34.0,34191.23,168.34,Male,0
67.56,29.0,53431.35,141.34,Female,1
89.34,29.0,49850.52,115.6,Female,1
55.6,39.0,23936.86,258.62,Female,0
71.33,32.0,55424.24,178.92,Male,0
89.05,38.0,57868.44,130.83,Male,1
55.6,54.0,42993.48,162.08,Female,1
43.49,37.0,58235.21,130.4,Male,0
51.24,24.0,59144.02,152.94,Female,1
81.75,33.0,73941.91,215.18,Female,0
79.54,26.0,54755.71,144.77,Male,1
59.22,52.0,64021.55,229.12,Female,1
34.78,30.0,66359.32,168.41,Male,0
82.07,41.0,57846.68,187.76,Female,1
40.47,27.0,64045.93,239.32,Female,0
74.59,42.0,60514.05,238.58,Female,1
55.6,39.0,49282.87,217.37,Male,0
75.55,36.0,59240.24,140.46,Female,0
49.21,30.0,50671.6,113.69,Male,1
66.08,46.0,33951.63,231.95,Male,1
32.91,37.0,75180.2,140.15,Female,1
63.26,38.0,65499.93,130.83,Male,1
44.15,23.0,56725.47,217.37,Male,1
76.2,51.0,66980.27,196.77,Female,1
79.52,25.0,50671.6,141.89,Male,0
43.49,37.0,23936.86,109.29,Male,1
61.22,45.0,50723.67,150.8,Female,1
